player_name,matches_played,role,total_runs,career_average,career_strike_rate,total_wickets,career_economy,total_4s,total_6s,runs_last_7,avg_last_7,strike_rate_last_7,wickets_last_7,economy_last_7,4s_6s_last_7,dot_ball_pct_last_7,player_consistency_score
DA Warner,184,Batsman,6567,35.69,135.43,0,6.0,663,236,139,17.38,128.7,0,0.0,22,42.59,41.48
S Dhawan,221,Batsman,6769,30.63,123.45,4,8.82,768,153,169,13.0,121.58,0,0.0,25,38.85,45.03
MC Henriques,62,All-rounder,1000,16.13,124.84,42,7.98,87,28,83,10.38,110.67,4,6.08,8,38.51,28.28
Yuvraj Singh,129,Batsman,2754,21.35,124.78,36,7.42,218,149,127,9.07,107.63,0,0.0,15,37.29,36.19
DJ Hooda,105,All-rounder,1495,14.24,123.45,10,8.36,98,62,45,3.46,81.82,1,9.95,5,31.25,16.07
BCJ Cutting,21,All-rounder,238,11.33,163.01,10,8.96,15,19,93,9.3,152.46,3,10.17,12,28.76,27.7
TS Mills,10,Bowler,8,0.8,57.14,11,9.61,0,1,8,0.89,57.14,8,9.94,1,33.92,24.98
A Choudhary,5,Bowler,25,5.0,125.0,5,8.0,1,1,25,5.0,125.0,5,8.0,2,35.94,30.55
YS Chahal,167,Bowler,37,0.22,41.57,214,7.8,0,0,18,1.29,40.91,9,8.85,0,34.59,27.74
S Aravind,38,Bowler,59,1.55,100.0,45,8.05,7,0,32,3.2,78.05,3,9.44,2,33.13,18.96
SR Watson,145,All-rounder,3880,26.76,134.16,92,7.7,377,190,247,17.64,120.49,0,9.96,38,36.12,38.22
TM Head,34,Batsman,1033,30.38,162.68,2,11.69,113,49,147,11.31,130.09,2,11.69,26,29.82,43.92
STR Binny,86,All-rounder,880,10.23,125.71,22,7.49,66,35,71,6.45,144.9,2,8.17,9,31.36,25.91
CH Gayle,141,Batsman,4997,35.44,142.12,18,7.76,408,359,132,9.43,117.86,0,0.0,20,41.07,39.37
Mandeep Singh,97,Batsman,1706,17.59,120.31,0,13.0,176,38,47,5.22,87.04,0,0.0,7,51.85,20.43
KM Jadhav,81,All-rounder,1208,14.91,119.37,0,0.0,102,40,71,10.14,98.61,0,0.0,5,31.94,14.68
Sachin Baby,13,All-rounder,144,11.08,117.07,2,4.8,11,5,65,7.22,108.33,2,4.8,8,44.29,33.9
A Nehra,88,Bowler,41,0.47,65.08,106,7.71,3,1,2,0.14,20.0,8,9.38,0,34.59,27.49
B Kumar,184,Bowler,316,1.72,87.78,190,7.5,31,3,14,1.27,46.67,8,8.46,1,42.86,31.12
Rashid Khan,129,Bowler,567,4.4,154.08,155,7.04,40,40,95,8.64,143.94,5,8.66,13,30.09,23.88
Bipul Sharma,29,Bowler,187,6.45,150.81,17,8.0,11,9,82,7.45,164.0,3,7.86,9,28.0,23.61
PA Patel,136,Batsman,2848,20.94,116.63,0,0.0,365,49,182,26.0,147.97,0,0.0,31,34.15,54.71
JC Buttler,114,Batsman,3939,34.55,143.92,0,0.0,396,174,302,43.14,163.24,0,0.0,47,27.57,75.39
RG Sharma,259,Batsman,6858,26.48,128.45,15,7.94,617,296,228,16.29,150.0,0,0.0,33,33.55,59.97
N Rana,112,Batsman,2840,25.36,132.71,10,8.25,258,141,185,13.21,171.3,1,10.86,31,26.0,55.69
AT Rayudu,185,Batsman,4348,23.5,124.58,0,0.0,359,173,84,12.0,131.25,0,0.0,9,31.25,35.47
KH Pandya,136,Bowler,1671,12.29,126.98,88,7.36,146,61,78,7.09,100.0,9,8.5,8,31.63,29.23
KA Pollard,179,Batsman,3437,19.2,140.46,69,8.32,221,224,97,9.7,93.27,4,8.42,8,29.56,32.81
HH Pandya,142,All-rounder,2638,18.58,140.39,76,8.83,198,143,122,12.2,148.78,10,8.87,17,31.19,37.02
TG Southee,54,Bowler,120,2.22,111.11,47,8.43,8,4,14,1.17,53.85,8,9.66,0,37.78,26.37
AB Dinda,76,Bowler,26,0.34,52.0,69,7.94,2,0,20,1.54,68.97,5,8.52,2,41.92,27.28
DL Chahar,90,Bowler,108,1.2,140.26,85,7.78,4,8,37,2.85,119.35,6,8.42,4,38.18,27.88
BA Stokes,45,All-rounder,935,20.78,130.22,28,8.49,81,32,220,24.44,144.74,2,10.71,33,27.17,35.61
Imran Tahir,59,Bowler,33,0.56,89.19,82,7.74,5,0,29,2.23,93.55,8,6.87,4,35.79,33.24
A Zampa,22,Bowler,15,0.68,60.0,31,8.29,1,0,15,1.5,60.0,9,9.11,1,30.6,27.61
R Bhatia,94,Bowler,342,3.64,117.93,71,7.44,24,13,50,4.55,131.58,4,8.0,4,20.96,21.28
AM Rahane,179,Batsman,4913,27.45,121.28,1,5.0,503,118,215,26.88,133.54,0,0.0,29,35.4,57.12
MA Agarwal,121,Batsman,2669,22.06,128.26,0,0.0,265,98,170,24.29,132.81,0,0.0,25,33.59,46.49
SPD Smith,93,Batsman,2495,26.83,124.81,0,15.0,226,60,152,19.0,111.76,0,0.0,15,29.41,42.34
MS Dhoni,237,Batsman,5383,22.71,132.88,0,0.0,374,260,110,15.71,127.91,0,0.0,14,26.74,38.6
MJ McClenaghan,56,Bowler,85,1.52,116.44,71,8.2,5,7,22,2.44,81.48,5,7.63,4,40.93,28.59
JJ Bumrah,138,Bowler,68,0.49,83.95,173,7.25,5,1,12,0.92,63.16,8,7.75,1,36.32,30.92
JJ Roy,21,Batsman,614,29.24,133.48,0,0.0,75,21,242,34.57,158.17,0,0.0,42,37.91,67.8
BB McCullum,109,Batsman,2882,26.44,126.85,0,0.0,293,130,128,18.29,136.17,0,0.0,22,41.49,41.34
SK Raina,200,Batsman,5536,27.68,132.54,25,7.35,506,204,56,4.0,107.69,0,0.0,8,40.38,26.88
AJ Finch,90,Batsman,2092,23.24,123.35,1,9.14,214,78,133,11.08,116.67,0,0.0,20,35.96,38.76
KD Karthik,233,Batsman,4843,20.79,131.35,0,0.0,466,161,100,14.29,151.52,0,0.0,15,30.3,43.15
TA Boult,112,Bowler,85,0.76,98.84,131,8.16,5,3,17,1.31,77.27,9,8.71,2,39.11,31.27
PP Chawla,192,Bowler,624,3.25,107.59,192,7.98,56,20,15,1.5,88.24,11,7.68,2,35.09,35.73
SP Narine,184,Bowler,1685,9.16,156.02,187,6.8,179,109,107,15.29,157.35,6,7.86,19,31.84,26.53
CR Woakes,21,Bowler,78,3.71,101.3,30,8.73,7,2,41,4.1,105.13,10,9.25,5,38.38,31.85
Kuldeep Yadav,92,Bowler,193,2.1,83.55,99,7.95,18,3,56,4.67,114.29,10,6.64,9,35.16,36.16
YK Pathan,161,Batsman,3222,20.01,138.05,42,7.31,263,161,40,3.08,85.11,0,0.0,2,36.17,19.05
G Gambhir,151,Batsman,4217,27.93,119.67,0,0.0,492,59,129,18.43,100.78,0,0.0,15,36.72,34.68
CA Lynn,42,Batsman,1329,31.64,136.45,0,0.0,132,66,242,34.57,141.52,0,0.0,36,36.26,62.84
P Kumar,119,Bowler,340,2.86,105.26,90,7.6,22,17,32,2.67,94.12,6,8.7,3,35.58,27.92
DS Kulkarni,92,Bowler,104,1.13,92.04,86,8.04,7,2,28,2.15,140.0,4,9.37,3,30.86,22.84
MS Gony,44,Bowler,99,2.25,130.26,37,8.54,6,8,49,4.45,132.43,4,10.54,7,31.64,21.51
S Kaushik,10,Bowler,0,0.0,0.0,6,8.69,0,0,0,0.0,0.0,2,9.42,0,31.47,18.88
DR Smith,91,Batsman,2385,26.21,132.28,26,8.89,245,117,154,17.11,165.59,0,0.0,26,32.26,49.87
SB Jakati,57,Bowler,28,0.49,93.33,47,8.03,3,0,28,2.55,93.33,2,8.79,3,25.47,18.29
MK Tiwary,85,Batsman,1695,19.94,113.83,1,11.07,156,40,172,14.33,117.01,0,0.0,20,32.65,43.1
DT Christian,49,Bowler,460,9.39,112.75,38,7.93,23,19,14,1.56,58.33,4,9.04,1,33.94,21.6
Sandeep Sharma,135,Bowler,60,0.44,75.95,145,7.83,4,0,18,1.5,69.23,6,9.27,1,24.44,20.33
MM Sharma,119,Bowler,125,1.05,89.29,134,8.56,9,4,5,0.42,20.0,2,9.28,0,26.54,16.27
AR Patel,158,Bowler,1827,11.56,127.94,124,7.35,122,89,174,21.75,158.18,1,9.42,25,29.44,19.09
T Natarajan,61,Bowler,3,0.05,60.0,67,8.57,0,0,3,0.33,60.0,6,8.49,0,34.39,27.25
MP Stoinis,103,Batsman,1933,18.77,137.0,43,9.53,152,98,95,10.56,135.71,0,11.77,14,33.78,35.9
Swapnil Singh,14,All-rounder,51,3.64,110.87,7,8.76,3,3,49,5.44,113.95,6,8.67,6,32.59,25.49
HM Amla,16,Batsman,577,36.06,138.04,0,0.0,60,21,309,44.14,152.97,0,0.0,43,26.73,70.85
M Vohra,51,Batsman,1083,21.24,125.49,0,0.0,104,43,79,11.29,106.76,0,0.0,11,45.95,34.78
WP Saha,143,Batsman,2934,20.52,123.9,0,0.0,296,87,96,13.71,110.34,0,0.0,13,35.63,31.89
GJ Maxwell,140,Batsman,2820,20.14,148.73,41,8.15,238,161,48,5.33,87.27,5,7.63,6,34.57,20.29
DA Miller,131,Batsman,3042,23.22,134.01,0,0.0,217,137,91,13.0,115.19,0,0.0,10,24.05,34.82
RD Chahar,78,Bowler,129,1.65,101.57,75,7.66,13,5,52,4.33,91.23,8,8.08,8,39.71,28.88
Vishnu Vinod,6,All-rounder,56,9.33,96.55,0,0.0,3,3,56,9.33,96.55,0,0.0,6,43.1,11.97
Iqbal Abdulla,48,Bowler,88,1.83,102.33,40,7.16,9,1,70,6.36,102.94,5,8.4,9,28.19,24.62
P Negi,46,Bowler,365,7.93,121.26,34,7.81,27,16,25,3.12,108.7,7,9.17,4,37.98,27.95
Z Khan,99,Bowler,117,1.18,82.98,102,7.54,11,2,18,1.5,58.06,3,7.99,2,32.43,24.16
CH Morris,81,Bowler,618,7.63,149.64,96,7.92,41,35,67,6.09,126.42,10,8.83,7,32.6,30.81
PJ Cummins,67,Bowler,580,8.66,144.64,72,8.74,38,39,65,7.22,154.76,7,8.7,10,36.27,28.39
S Nadeem,71,Bowler,39,0.55,44.32,48,7.48,2,0,15,1.25,57.69,6,8.15,1,27.61,25.18
A Mishra,162,Bowler,381,2.35,86.59,174,7.3,31,5,48,3.69,77.42,6,8.56,5,33.94,24.84
CR Brathwaite,16,Bowler,181,11.31,150.83,13,8.66,10,16,97,13.86,129.33,6,8.89,12,30.81,25.52
AP Tare,27,All-rounder,339,12.56,118.95,0,0.0,40,11,40,5.71,68.97,0,0.0,5,53.45,8.17
SW Billings,27,Batsman,503,18.63,126.07,0,0.0,40,20,144,20.57,119.01,0,0.0,17,36.36,44.0
KK Nair,72,Batsman,1631,22.65,128.73,0,0.0,177,47,151,21.57,157.29,0,0.0,25,31.25,47.99
SV Samson,169,Batsman,4643,27.47,135.44,0,0.0,375,216,224,32.0,141.77,0,0.0,33,34.18,60.92
RR Pant,118,Batsman,3403,28.84,141.2,0,0.0,306,159,106,15.14,98.15,0,0.0,13,45.37,30.55
B Stanlake,6,Bowler,5,0.83,250.0,7,8.0,1,0,5,0.83,250.0,7,8.0,1,42.11,33.97
Basil Thampi,25,Bowler,32,1.28,86.49,22,9.6,1,1,32,2.46,86.49,6,9.84,2,33.16,20.75
Tejas Baroka,1,All-rounder,0,0.0,0.0,0,9.43,0,0,0,0.0,0.0,0,9.43,0,28.57,9.86
RV Uthappa,197,Batsman,4954,25.15,126.15,0,0.0,481,182,124,17.71,113.76,0,0.0,17,44.04,36.09
MK Pandey,159,Batsman,3878,24.39,117.44,0,0.0,337,112,124,17.71,108.77,0,0.0,12,33.33,34.82
SA Yadav,145,Batsman,3967,27.36,144.1,0,8.0,423,149,296,37.0,169.14,0,0.0,49,30.86,79.22
SL Malinga,122,Bowler,88,0.72,85.44,170,7.03,6,5,16,1.14,69.57,8,10.17,2,33.7,26.81
Harbhajan Singh,163,Bowler,833,5.11,130.97,150,7.04,79,42,36,3.0,73.47,6,8.5,4,40.93,28.47
AS Rajpoot,29,Bowler,26,0.9,63.41,24,8.93,2,1,26,2.17,63.41,2,10.77,3,35.16,18.56
AB de Villiers,170,Batsman,5181,30.48,148.58,0,0.0,414,253,106,15.14,124.71,0,0.0,13,37.65,39.78
VR Aaron,50,Bowler,50,1.0,68.49,44,8.6,2,2,31,2.82,73.81,2,11.15,3,34.46,15.55
CJ Anderson,30,Batsman,538,17.93,123.39,11,10.0,40,31,39,5.57,76.47,0,0.0,4,50.98,18.34
F du Plessis,141,Batsman,4652,32.99,133.3,0,16.0,428,171,167,20.88,136.89,0,0.0,23,36.07,47.98
RA Tripathi,98,Batsman,2291,23.38,134.21,0,12.0,229,85,101,12.62,114.77,0,0.0,15,40.91,35.24
NV Ojha,94,Batsman,1554,16.53,114.26,0,0.0,121,79,87,12.43,111.54,0,0.0,6,29.49,30.55
V Shankar,69,Batsman,1233,17.87,125.18,9,8.0,88,48,144,10.29,126.32,3,8.41,16,27.55,39.98
Mustafizur Rahman,57,Bowler,13,0.23,56.52,61,7.95,0,1,13,1.0,56.52,8,9.02,1,35.86,26.96
UT Yadav,147,Bowler,208,1.41,98.58,144,8.35,16,9,31,2.58,88.57,8,9.81,2,42.07,30.27
C de Grandhomme,25,All-rounder,303,12.12,132.31,6,8.43,18,18,91,11.38,121.33,1,10.15,11,25.49,20.86
I Sharma,115,Bowler,57,0.5,80.28,95,8.11,4,2,20,1.54,80.0,7,9.47,3,32.68,24.78
V Kohli,254,Batsman,8406,33.09,129.03,4,8.43,743,286,302,21.57,142.45,0,0.0,38,24.53,69.92
S Badree,12,Bowler,13,1.08,52.0,11,7.51,0,0,13,1.86,52.0,9,7.59,0,42.05,32.94
Ankit Sharma,21,Bowler,87,4.14,126.09,12,7.25,7,4,70,7.0,120.69,2,8.16,9,31.69,20.62
SN Thakur,102,Bowler,321,3.15,133.2,106,8.93,29,13,35,3.18,112.9,6,10.45,5,27.32,22.6
LH Ferguson,49,Bowler,72,1.47,146.94,53,8.67,7,2,71,5.46,147.92,9,8.63,9,30.73,30.09
AJ Tye,30,Bowler,91,3.03,115.19,42,8.45,6,5,25,2.08,89.29,4,10.82,4,28.49,20.62
RA Jadeja,241,Bowler,3125,12.97,124.21,166,7.59,225,113,124,17.71,124.0,6,7.56,12,28.43,22.16
SS Iyer,123,Batsman,3419,27.8,126.12,0,7.0,290,134,139,17.38,154.44,0,7.0,18,29.17,44.2
KC Cariappa,11,Bowler,24,2.18,114.29,8,9.35,0,2,24,3.0,114.29,4,10.01,2,27.91,18.54
EJG Morgan,74,Batsman,1406,19.0,119.05,0,0.0,112,64,26,3.71,72.22,0,0.0,2,41.67,14.38
Ishan Kishan,108,Batsman,2827,26.18,133.47,0,24.0,274,126,77,9.62,104.05,0,24.0,9,34.67,26.98
MM Patel,63,Bowler,39,0.62,95.12,74,7.52,5,0,11,0.85,55.0,5,8.14,0,36.16,27.42
JD Unadkat,107,Bowler,197,1.84,115.88,102,8.78,16,7,34,2.83,97.14,3,8.14,4,31.97,23.61
AF Milne,10,Bowler,23,2.3,74.19,7,9.37,0,1,23,2.88,74.19,3,9.28,1,35.47,22.37
AD Mathews,46,All-rounder,724,15.74,120.87,27,8.14,44,29,83,10.38,109.21,2,8.02,9,31.77,25.21
Mohammed Shami,118,Bowler,84,0.71,90.32,133,8.44,7,2,16,1.6,76.19,5,10.68,2,31.58,21.25
NM Coulter-Nile,38,Bowler,82,2.16,109.33,48,7.57,7,4,42,3.82,135.48,9,7.55,6,38.58,31.72
Mohammad Nabi,24,Bowler,221,9.21,140.76,15,7.55,18,12,55,6.11,137.5,2,9.33,7,25.0,18.4
BB Sran,24,Bowler,10,0.42,71.43,18,8.92,0,0,10,1.0,71.43,4,10.24,0,29.94,20.36
S Kaul,55,Bowler,20,0.36,55.56,58,8.59,1,0,11,0.92,44.0,4,8.89,1,41.53,24.6
KS Williamson,76,Batsman,2132,28.05,122.95,0,10.33,187,64,100,11.11,93.46,0,0.0,12,47.66,28.88
J Yadav,20,All-rounder,40,2.0,105.26,8,6.74,2,1,40,4.44,105.26,3,7.09,3,36.46,27.58
Mohammed Siraj,101,Bowler,109,1.08,89.34,105,8.36,10,4,43,3.07,97.73,12,7.83,7,45.98,37.57
SE Marsh,69,Batsman,2489,36.07,130.11,0,0.0,269,78,238,34.0,134.46,0,0.0,36,32.2,60.22
Shakib Al Hasan,71,Bowler,795,11.2,119.55,63,7.38,73,21,56,6.22,91.8,3,6.95,4,29.38,23.73
JP Faulkner,60,Bowler,527,8.78,129.8,61,8.62,36,23,61,7.62,92.42,6,10.82,4,26.6,21.56
MG Johnson,54,Bowler,167,3.09,99.4,62,8.02,10,7,42,3.82,89.36,5,9.52,4,35.29,24.4
K Rabada,82,Bowler,213,2.6,100.0,122,8.38,16,9,33,3.3,113.79,4,9.71,4,26.8,20.65
Washington Sundar,62,Bowler,429,6.92,114.71,39,7.59,37,11,110,12.22,120.88,6,9.42,13,27.19,20.57
SS Agarwal,1,Bowler,0,0.0,0.0,1,10.5,0,0,0,0.0,0.0,1,10.5,0,29.17,26.75
NB Singh,2,All-rounder,0,0.0,0.0,1,4.32,0,0,0,0.0,0.0,1,4.32,0,52.0,20.12
AD Nath,10,All-rounder,90,9.0,90.91,0,0.0,7,2,70,10.0,97.22,0,0.0,8,43.06,13.21
KV Sharma,84,Bowler,351,4.18,114.71,79,8.42,20,17,39,3.25,114.71,7,11.09,5,27.4,22.94
DM Bravo,1,All-rounder,6,6.0,120.0,0,0.0,1,0,6,6.0,120.0,0,0.0,1,40.0,17.4
Ankit Soni,6,All-rounder,7,1.17,77.78,2,7.77,0,1,7,1.17,77.78,2,7.77,1,34.71,18.06
AR Bawne,1,All-rounder,12,12.0,100.0,0,0.0,1,0,12,12.0,100.0,0,0.0,1,33.33,18.3
SP Jackson,8,All-rounder,61,7.62,107.02,0,0.0,5,1,49,7.0,94.23,0,0.0,4,38.46,12.02
Anureet Singh,22,Bowler,36,1.64,76.6,18,8.87,2,1,36,3.0,81.82,1,9.36,3,28.15,17.12
MJ Guptill,13,Batsman,271,20.85,137.56,0,0.0,24,15,130,21.67,146.07,0,0.0,18,41.57,44.17
IK Pathan,102,Bowler,1150,11.27,116.75,80,7.7,88,38,58,5.8,93.55,1,8.95,4,30.68,20.23
PJ Sangwan,42,Bowler,26,0.62,55.32,38,8.4,1,0,14,1.27,63.64,5,8.72,1,40.0,27.4
MN Samuels,15,Bowler,161,10.73,92.53,9,7.81,9,7,38,3.45,74.51,7,8.98,4,39.08,26.04
LMP Simmons,29,Batsman,1079,37.21,122.89,1,11.33,109,44,137,17.12,118.1,0,0.0,18,41.38,38.52
R Tewatia,84,All-rounder,1054,12.55,129.96,32,7.74,87,51,80,5.71,163.27,0,10.92,13,28.28,25.03
MJ Henry,6,All-rounder,0,0.0,0.0,2,10.46,0,0,0,0.0,0.0,2,10.46,0,29.52,9.04
SS Tiwary,73,Batsman,1494,20.47,115.72,0,0.0,111,50,155,22.14,114.81,0,0.0,17,30.37,41.22
R Vinay Kumar,104,Bowler,310,2.98,107.27,105,8.35,21,9,23,2.09,92.0,8,9.45,2,37.5,27.78
Avesh Khan,70,Bowler,43,0.61,153.57,82,8.75,3,3,25,2.08,166.67,7,8.98,3,30.81,27.92
HV Patel,112,Bowler,270,2.41,112.03,148,8.45,16,15,33,3.3,78.57,11,8.58,2,31.41,31.78
CJ Jordan,34,Bowler,81,2.38,100.0,30,9.3,3,3,53,4.42,110.42,3,10.98,4,28.77,18.52
IR Jaggi,7,All-rounder,76,10.86,76.0,0,0.0,6,0,76,10.86,76.0,0,0.0,6,46.0,11.19
E Lewis,26,Batsman,654,25.15,131.06,0,0.0,62,36,124,17.71,134.78,0,0.0,19,35.87,39.82
MA Wood,5,Bowler,12,2.4,120.0,11,9.07,1,1,12,2.4,120.0,11,9.07,2,37.23,36.57
DJ Bravo,160,Bowler,1560,9.75,125.1,183,8.08,120,66,27,2.7,93.1,11,8.16,3,27.81,32.83
M Markande,37,Bowler,48,1.3,109.09,37,8.8,5,1,38,2.71,102.7,8,10.94,5,23.46,24.19
C Munro,12,All-rounder,177,14.75,122.92,0,7.5,19,8,143,15.89,133.64,0,7.5,24,46.22,36.61
R Ashwin,215,Bowler,812,3.78,113.88,185,7.04,62,28,45,3.75,104.65,5,9.18,5,28.95,23.04
Mujeeb Ur Rahman,20,Bowler,12,0.6,80.0,20,8.08,2,0,12,1.33,80.0,4,9.95,2,28.41,19.97
KL Rahul,129,Batsman,5019,38.91,132.22,0,0.0,426,203,315,52.5,148.58,0,0.0,39,25.47,72.84
Q de Kock,114,Batsman,3303,28.97,131.07,0,0.0,325,134,143,20.43,130.0,0,0.0,20,36.36,41.56
SN Khan,36,Batsman,585,16.25,128.29,0,18.0,63,14,96,12.0,109.09,0,0.0,12,42.05,32.47
AD Russell,130,All-rounder,2543,19.56,162.6,122,9.21,177,213,79,7.9,125.4,11,10.8,14,38.56,31.54
RK Singh,47,Batsman,1026,21.83,137.17,0,0.0,81,52,133,19.0,141.49,0,0.0,20,35.11,46.2
K Khejroliya,8,Bowler,0,0.0,0.0,6,10.14,0,0,0,0.0,0.0,6,10.61,0,26.45,21.47
DJM Short,7,Batsman,115,16.43,112.75,1,7.67,11,5,115,16.43,112.75,0,0.0,16,43.14,34.63
K Gowtham,36,Bowler,247,6.86,155.35,21,8.26,15,17,61,7.62,138.64,3,7.86,7,33.76,22.61
S Gopal,51,Bowler,180,3.53,104.05,52,8.15,19,2,48,4.36,104.35,4,10.88,6,31.08,21.02
B Laughlin,9,Bowler,5,0.56,38.46,10,9.52,0,0,5,0.56,38.46,9,9.49,0,27.89,27.41
TK Curran,13,Bowler,127,9.77,117.59,13,10.29,10,3,122,13.56,125.77,6,9.53,13,25.38,22.83
A Dananjaya,1,All-rounder,4,4.0,80.0,0,11.28,0,0,4,4.0,80.0,0,11.28,0,26.67,21.2
Shubman Gill,107,Batsman,3521,32.91,133.57,0,0.0,343,104,272,38.86,143.16,0,0.0,37,27.37,65.26
Shivam Mavi,32,Bowler,51,1.59,87.93,30,8.37,4,2,29,2.9,87.88,6,9.43,4,36.18,24.64
M Vijay,105,Batsman,2619,24.94,118.61,0,7.95,247,91,167,15.18,106.37,0,0.0,19,40.13,42.87
H Klaasen,41,Batsman,1281,31.24,159.33,0,0.0,84,76,228,32.57,143.4,0,0.0,31,27.04,60.84
RK Bhui,4,All-rounder,10,2.5,37.04,0,0.0,0,0,10,2.5,37.04,0,0.0,0,66.67,3.78
JC Archer,49,Bowler,220,4.49,148.65,57,7.63,11,16,25,2.27,125.0,9,7.28,2,41.45,36.73
LE Plunkett,7,Bowler,1,0.14,33.33,4,8.88,0,0,1,0.14,33.33,4,8.88,0,26.11,19.78
PP Shaw,79,Batsman,1892,23.95,143.22,0,0.0,238,61,155,22.14,161.46,0,0.0,29,36.46,51.44
AD Hales,6,Batsman,148,24.67,124.37,0,0.0,13,6,148,24.67,124.37,0,0.0,19,38.66,47.33
IS Sodhi,8,Bowler,7,0.88,38.89,9,6.73,0,0,7,1.0,38.89,8,6.55,0,39.01,33.87
MK Lomror,37,All-rounder,527,14.24,135.48,1,8.11,33,30,75,5.77,144.23,1,8.25,9,24.14,25.56
M Ashwin,44,Bowler,35,0.8,70.0,35,7.9,2,1,31,2.82,73.81,5,9.06,3,34.97,24.05
L Ngidi,14,Bowler,0,0.0,0.0,25,8.07,0,0,0,0.0,0.0,14,9.99,0,31.84,32.97
KM Asif,7,Bowler,0,0.0,0.0,7,9.73,0,0,0,0.0,0.0,7,9.73,0,33.1,25.45
JP Duminy,79,Batsman,2029,25.68,120.77,23,7.25,126,79,123,12.3,99.19,0,0.0,10,29.84,37.34
DJ Willey,11,Bowler,53,4.82,82.81,6,7.52,7,0,53,7.57,82.81,4,6.46,7,42.23,29.91
DR Shorey,2,All-rounder,13,6.5,65.0,0,0.0,0,1,13,6.5,65.0,0,0.0,1,45.0,11.82
M Prasidh Krishna,59,Bowler,9,0.15,37.5,66,8.31,0,0,9,0.64,37.5,16,6.48,0,45.96,46.16
MM Ali,67,All-rounder,1167,17.42,134.91,38,6.95,95,67,133,13.3,109.92,5,7.29,15,31.65,31.7
P Chopra,1,All-rounder,8,8.0,133.33,0,0.0,2,0,8,8.0,133.33,0,0.0,2,66.67,20.2
JPR Scantlebury-Searles,3,Bowler,8,2.67,133.33,2,11.87,0,1,8,2.67,133.33,2,11.87,1,19.61,19.49
Abhishek Sharma,72,Batsman,1617,22.46,151.83,11,8.77,159,84,210,17.5,170.73,2,8.89,36,33.17,59.9
S Lamichhane,9,Bowler,0,0.0,0.0,13,8.45,0,0,0,0.0,0.0,11,9.09,0,34.76,32.65
CJ Dala,1,All-rounder,0,0.0,0.0,0,10.74,0,0,0,0.0,0.0,0,10.74,0,36.84,10.53
SP Goswami,21,All-rounder,293,13.95,95.44,0,0.0,32,3,73,10.43,101.39,0,0.0,8,30.56,12.92
KK Ahmed,66,Bowler,2,0.03,22.22,86,8.59,0,0,2,0.17,22.22,8,9.42,0,44.3,30.63
SO Hetmyer,74,Batsman,1436,19.41,144.61,0,0.0,91,91,125,20.83,147.06,0,0.0,16,23.53,42.78
S Dube,71,Batsman,1744,24.56,137.43,5,9.74,103,114,214,15.29,126.63,1,12.59,26,26.82,56.38
Navdeep Saini,31,Bowler,33,1.06,86.84,24,8.52,3,0,33,3.0,86.84,7,10.98,3,30.25,24.61
JM Bairstow,50,Batsman,1589,31.78,140.37,0,0.0,166,69,217,31.0,148.63,0,0.0,33,36.99,56.52
CA Ingram,15,All-rounder,205,13.67,112.02,0,0.0,22,5,82,11.71,105.13,0,0.0,11,47.44,16.1
KMA Paul,8,Bowler,18,2.25,69.23,9,7.97,1,1,18,2.25,69.23,8,8.18,2,30.65,26.29
Rasikh Salam,13,Bowler,40,3.08,100.0,10,10.09,5,0,40,4.0,100.0,7,9.78,5,32.02,24.94
N Pooran,81,Batsman,2146,26.49,160.39,0,0.0,145,158,232,33.14,174.44,0,0.0,38,36.09,64.74
SM Curran,62,Bowler,904,14.58,128.23,58,9.42,75,37,139,19.86,110.32,4,11.24,14,27.76,20.23
CV Varun,79,Bowler,25,0.32,51.02,94,7.46,2,0,15,1.07,45.45,8,6.65,2,42.93,34.33
GC Viljoen,6,Bowler,3,0.5,42.86,7,9.41,0,0,3,0.5,42.86,7,9.41,0,30.07,27.83
NS Naik,4,All-rounder,31,7.75,58.49,0,0.0,2,0,31,7.75,58.49,0,0.0,2,50.94,7.99
GH Vihari,23,All-rounder,284,12.35,85.8,1,6.7,23,1,44,3.67,84.62,1,6.7,6,45.26,22.07
P Ray Barman,1,Batsman,19,19.0,76.0,0,14.0,2,0,19,19.0,76.0,0,0.0,2,44.0,40.6
MJ Santner,27,Bowler,109,4.04,101.87,19,7.3,6,6,42,3.82,113.51,4,7.76,5,29.35,23.85
JP Behrendorff,17,Bowler,6,0.35,66.67,19,8.91,0,0,6,0.86,66.67,7,8.43,0,32.56,29.69
SC Kuggeleijn,2,Bowler,0,0.0,0.0,2,8.52,0,0,0,0.0,0.0,2,8.52,0,34.0,30.74
AS Joseph,22,Bowler,27,1.23,84.38,21,9.34,3,0,27,2.45,84.38,2,11.02,3,30.64,16.64
HF Gurney,8,Bowler,1,0.12,20.0,7,8.49,0,0,1,0.14,20.0,5,8.92,0,30.2,24.96
S Midhun,1,All-rounder,0,0.0,0.0,0,13.38,0,0,0,0.0,0.0,0,13.38,0,23.08,8.46
SD Lad,1,All-rounder,15,15.0,115.38,0,0.0,1,1,15,15.0,115.38,0,0.0,2,61.54,21.65
R Parag,70,Batsman,1411,20.16,131.99,4,9.64,101,76,172,17.2,153.57,0,8.85,25,29.38,54.32
JL Denly,1,All-rounder,0,0.0,0.0,0,0.0,0,0,0,0.0,0.0,0,0.0,0,100.0,5.0
LS Livingstone,46,Batsman,1026,22.3,151.33,13,8.8,70,73,87,9.67,122.54,4,7.65,11,31.95,31.47
AJ Turner,6,All-rounder,24,4.0,77.42,0,0.0,0,2,24,4.0,77.42,0,0.0,2,41.94,7.74
Arshdeep Singh,73,Bowler,31,0.42,64.58,87,8.65,4,0,19,1.58,54.29,9,8.48,3,42.63,32.59
DW Steyn,95,Bowler,167,1.76,102.45,97,6.79,14,3,32,2.91,118.52,5,9.75,4,32.97,24.02
Harpreet Brar,41,Bowler,233,5.68,115.92,28,7.89,19,9,75,5.77,127.12,6,8.91,10,31.1,24.19
SE Rutherford,16,Batsman,307,19.19,122.31,1,7.83,18,21,201,15.46,139.58,0,0.0,28,27.78,57.4
Y Prithvi Raj,2,All-rounder,0,0.0,0.0,1,10.36,0,0,0,0.0,0.0,1,10.36,0,26.47,14.62
O Thomas,4,Bowler,0,0.0,0.0,5,8.1,0,0,0,0.0,0.0,5,8.1,0,26.98,28.85
AS Roy,10,All-rounder,26,2.6,108.33,5,8.07,3,0,26,3.25,108.33,3,8.85,3,36.22,20.25
Gurkeerat Singh,32,Batsman,511,15.97,117.2,5,7.1,55,11,142,10.92,104.41,0,0.0,18,36.03,37.52
S Sandeep Warrier,10,Bowler,0,0.0,0.0,8,8.76,0,0,0,0.0,0.0,6,9.96,0,41.75,25.38
P Simran Singh,43,Batsman,1048,24.37,148.23,0,0.0,112,55,218,31.14,161.48,0,0.0,35,31.85,61.17
J Suchith,21,Bowler,70,3.33,112.9,19,8.35,6,3,36,3.27,90.0,7,7.91,3,38.07,29.01
JL Pattinson,10,Bowler,15,1.5,115.38,11,8.68,2,0,15,1.88,115.38,8,8.84,2,30.43,28.24
A Nortje,47,Bowler,49,1.04,96.08,61,8.81,6,0,37,3.08,105.71,8,12.23,5,29.53,25.62
SS Cottrell,6,Bowler,0,0.0,0.0,6,8.11,0,0,0,0.0,0.0,6,8.11,0,45.11,30.68
Ravi Bishnoi,74,Bowler,32,0.43,59.26,71,7.93,2,0,13,0.93,59.09,5,9.35,1,30.68,22.24
T Banton,2,All-rounder,18,9.0,81.82,0,0.0,1,1,18,9.0,81.82,0,0.0,2,50.0,15.18
I Udana,10,Bowler,15,1.5,136.36,8,9.43,1,1,15,1.88,136.36,3,8.97,2,27.59,20.66
D Padikkal,72,Batsman,1789,24.85,121.04,0,0.0,191,55,220,31.43,151.72,0,0.0,33,31.72,60.72
JO Holder,46,Bowler,259,5.63,119.35,53,8.52,13,18,38,3.45,131.03,3,10.41,4,20.86,16.97
YBK Jaiswal,61,Batsman,1963,32.18,146.17,0,36.0,231,84,326,40.75,149.54,0,36.0,48,32.42,77.4
RD Gaikwad,70,Batsman,2502,35.74,134.3,0,0.0,231,95,164,23.43,130.16,0,0.0,21,35.71,44.27
TU Deshpande,44,Bowler,28,0.64,116.67,48,9.33,2,1,27,2.7,128.57,3,10.12,3,22.58,17.62
KL Nagarkoti,12,All-rounder,22,1.83,64.71,5,9.31,1,0,22,2.0,64.71,1,9.84,1,33.33,15.3
Abdul Samad,47,All-rounder,692,14.72,147.86,2,12.53,43,46,91,7.58,175.0,2,12.53,12,21.1,27.38
PK Garg,19,All-rounder,273,14.37,110.53,0,0.0,16,9,133,19.0,111.76,0,0.0,12,34.45,19.55
JR Philippe,5,Batsman,78,15.6,97.5,0,0.0,9,1,78,15.6,97.5,0,0.0,10,42.5,31.85
Kartik Tyagi,20,Bowler,13,0.65,81.25,15,9.43,1,0,13,1.3,81.25,2,10.7,1,27.92,18.6
JDS Neesham,14,Bowler,92,6.57,98.92,8,9.24,6,2,50,6.25,106.38,6,9.05,4,30.86,24.47
Shahbaz Ahmed,51,All-rounder,545,10.69,114.74,21,9.36,29,25,55,6.11,90.16,4,8.89,4,35.71,23.66
DR Sams,16,Bowler,44,2.75,91.67,14,8.14,1,3,26,3.71,78.79,8,6.94,2,43.13,34.73
AT Carey,3,All-rounder,32,10.67,110.34,0,0.0,0,1,32,10.67,110.34,0,0.0,1,20.69,15.67
N Jagadeesan,10,Batsman,162,16.2,104.52,0,0.0,21,2,90,12.86,102.27,0,0.0,15,51.14,29.91
JR Hazlewood,36,Bowler,19,0.53,63.33,51,8.08,1,0,19,1.46,63.33,11,9.2,1,41.21,33.63
CJ Green,1,All-rounder,0,0.0,0.0,0,8.47,0,0,0,0.0,0.0,0,8.47,0,35.29,11.82
MR Marsh,50,All-rounder,1009,20.18,133.11,37,8.12,81,56,272,19.43,144.68,10,9.02,39,27.94,46.38
P Dubey,4,All-rounder,23,5.75,69.7,1,8.15,2,0,23,5.75,69.7,1,8.15,2,36.0,25.2
Monu Kumar,1,All-rounder,0,0.0,0.0,0,7.5,0,0,0,0.0,0.0,0,7.5,0,25.0,11.25
M Jansen,30,Bowler,137,4.57,103.79,28,9.02,7,6,88,11.0,117.33,6,9.07,8,31.0,23.37
KA Jamieson,9,Bowler,65,7.22,118.18,9,9.08,5,3,65,7.22,118.18,7,9.42,8,36.32,27.82
RM Patidar,32,Batsman,1021,31.91,147.97,0,0.0,70,64,188,26.86,134.29,0,0.0,23,27.14,50.38
M Shahrukh Khan,42,All-rounder,626,14.9,137.28,0,8.0,39,43,112,12.44,160.0,0,8.0,16,24.39,31.66
JA Richardson,4,Bowler,17,4.25,62.96,3,10.34,2,0,17,4.25,62.96,3,10.34,2,38.02,24.12
C Sakariya,20,Bowler,20,1.0,64.52,20,8.13,3,0,20,1.82,64.52,7,8.49,3,34.0,26.59
RP Meredith,18,Bowler,0,0.0,0.0,19,8.98,0,0,0,0.0,0.0,8,9.53,0,33.33,27.19
Lalit Yadav,25,All-rounder,305,12.2,101.33,10,8.78,27,7,38,4.75,77.55,2,10.26,4,32.05,18.15
Virat Singh,2,All-rounder,15,7.5,57.69,0,0.0,1,0,15,7.5,57.69,0,0.0,1,50.0,10.49
LI Meriwala,1,Bowler,0,0.0,0.0,1,10.11,0,0,0,0.0,0.0,1,10.11,0,31.58,27.47
Jalaj S Saxena,1,All-rounder,0,0.0,0.0,0,9.0,0,0,0,0.0,0.0,0,9.0,0,27.78,10.17
FA Allen,5,All-rounder,14,2.8,73.68,2,8.97,1,0,14,2.8,73.68,2,8.97,1,31.82,20.12
KW Richardson,15,Bowler,36,2.4,92.31,19,8.33,2,1,36,4.0,92.31,10,9.37,3,39.06,31.35
DJ Malan,1,Batsman,26,26.0,100.0,0,0.0,1,1,26,26.0,100.0,0,0.0,2,34.62,49.8
KS Bharat,8,Batsman,199,24.88,118.45,0,0.0,12,8,183,26.14,122.82,0,0.0,19,30.87,45.01
PWH de Silva,33,Bowler,81,2.45,88.04,45,8.39,7,1,40,3.64,100.0,10,9.17,3,26.4,29.04
VR Iyer,55,Batsman,1461,26.56,132.58,3,10.36,135,65,187,13.36,144.96,1,12.69,25,23.2,51.74
Umran Malik,26,Bowler,23,0.88,143.75,29,9.08,1,2,23,1.92,143.75,3,10.96,3,35.09,18.43
Akash Singh,7,Bowler,0,0.0,0.0,5,9.66,0,0,0,0.0,0.0,5,9.66,0,37.59,24.44
GD Phillips,8,All-rounder,65,8.12,118.18,2,7.74,3,6,51,6.38,108.51,2,7.74,7,50.0,23.24
GHS Garton,5,Bowler,2,0.4,50.0,3,8.41,0,0,2,0.4,50.0,3,8.41,0,32.67,24.81
AK Markram,52,Batsman,1321,25.4,131.05,6,8.46,101,50,310,31.0,151.96,4,8.21,41,26.43,75.64
K Yadav,3,Bowler,0,0.0,0.0,2,9.44,0,0,0,0.0,0.0,2,9.44,0,29.31,20.83
T Shamsi,5,Bowler,2,0.4,50.0,3,9.25,0,0,2,0.4,50.0,3,9.25,0,24.19,20.78
NT Ellis,17,Bowler,19,1.12,73.08,19,8.51,0,1,19,1.58,73.08,8,8.18,1,29.44,28.54
RV Patel,7,All-rounder,80,11.43,105.26,0,6.6,6,2,80,11.43,105.26,0,6.6,8,31.25,28.04
TL Seifert,3,All-rounder,26,8.67,100.0,0,0.0,4,0,26,8.67,100.0,0,0.0,4,42.31,12.3
Anmolpreet Singh,9,Batsman,139,15.44,118.8,0,0.0,19,3,115,16.43,122.34,0,0.0,19,43.62,37.92
Anuj Rawat,21,Batsman,318,15.14,115.22,0,0.0,26,14,150,21.43,140.19,0,0.0,20,28.04,47.44
IC Porel,1,Bowler,0,0.0,0.0,1,9.69,0,0,0,0.0,0.0,1,9.69,0,26.92,26.69
AU Rashid,3,Bowler,22,7.33,129.41,2,9.1,2,1,22,7.33,129.41,2,9.1,3,35.06,25.19
TH David,41,Batsman,824,20.1,161.25,0,0.0,51,59,165,23.57,170.1,0,0.0,26,36.08,54.6
DP Conway,25,Batsman,1018,40.72,136.28,0,0.0,109,32,298,42.57,134.84,0,0.0,38,23.98,69.08
Tilak Varma,45,Batsman,1389,30.87,138.48,0,7.3,109,68,233,21.18,134.68,0,7.3,29,30.1,59.54
R Powell,22,Batsman,360,16.36,141.73,1,10.0,21,28,103,11.44,145.07,1,10.0,16,35.87,42.43
OF Smith,6,Bowler,51,8.5,102.0,6,11.31,1,5,51,8.5,102.0,6,11.31,6,40.0,25.8
PBB Rajapaksa,13,Batsman,277,21.31,137.81,0,0.0,22,15,103,14.71,113.19,0,0.0,13,38.46,32.46
RA Bawa,2,All-rounder,11,5.5,78.57,0,0.0,1,0,11,5.5,78.57,0,0.0,1,50.0,8.59
Akash Deep,12,Bowler,19,1.58,146.15,10,11.21,2,1,19,2.38,146.15,5,11.95,3,29.45,22.95
A Badoni,43,Batsman,851,19.79,127.4,2,8.88,66,31,213,17.75,134.81,2,8.88,27,27.32,57.98
PVD Chameera,14,Bowler,43,3.07,134.38,10,8.9,3,3,43,3.91,134.38,3,10.27,6,33.7,20.28
MS Wade,14,All-rounder,183,13.07,98.92,0,0.0,23,2,105,15.0,114.13,0,0.0,17,44.57,18.83
A Manohar,19,All-rounder,280,14.74,121.21,0,0.0,23,13,60,8.57,86.96,0,0.0,6,52.17,10.81
Mohsin Khan,23,Bowler,25,1.09,92.59,27,8.26,2,1,25,2.08,92.59,5,10.26,3,33.86,23.19
R Shepherd,12,All-rounder,115,9.58,169.12,5,11.57,7,10,83,8.3,207.5,2,12.32,14,21.48,29.96
D Pretorius,7,Bowler,44,6.29,157.14,6,8.75,3,3,44,6.29,157.14,6,8.75,6,26.8,24.32
Mukesh Choudhary,16,Bowler,6,0.38,100.0,17,9.4,1,0,6,0.75,100.0,6,9.83,1,40.44,23.78
JM Sharma,43,Batsman,851,19.79,145.22,0,0.0,65,52,121,17.29,142.35,0,0.0,19,38.82,42.8
VG Arora,28,Bowler,9,0.32,37.5,30,8.65,0,0,8,0.62,36.36,10,8.29,0,38.95,33.95
D Brevis,11,Batsman,272,24.73,135.32,1,16.0,18,20,155,19.38,118.32,1,16.0,17,42.54,42.01
DG Nalkande,6,Bowler,12,2.0,100.0,6,10.11,0,1,12,2.0,100.0,6,10.11,1,26.73,23.85
B Sai Sudharsan,33,Batsman,1451,43.97,136.63,0,0.0,137,47,343,49.0,138.31,0,0.0,46,25.0,78.56
M Theekshana,35,Bowler,15,0.43,60.0,32,8.03,0,1,15,1.67,60.0,5,8.67,1,30.16,23.98
Ramandeep Singh,19,All-rounder,200,10.53,150.38,6,8.53,9,15,72,6.55,171.43,6,8.53,9,24.14,32.84
HE van der Dussen,3,All-rounder,22,7.33,88.0,0,0.0,2,0,22,7.33,88.0,0,0.0,2,36.0,12.88
KR Sen,12,Bowler,0,0.0,0.0,14,9.32,0,0,0,0.0,0.0,6,9.73,0,29.45,22.16
SS Prabhudessai,10,All-rounder,126,12.6,111.5,0,0.0,11,4,76,10.86,95.0,0,0.0,7,45.0,13.67
Yash Dayal,37,Bowler,0,0.0,0.0,36,9.12,0,0,0,0.0,0.0,5,9.72,0,30.22,23.17
Aman Hakim Khan,10,All-rounder,115,11.5,105.5,0,13.0,8,6,98,12.25,105.38,0,13.0,12,41.41,22.72
Shashank Singh,27,Batsman,581,21.52,145.25,1,10.06,43,31,158,15.8,123.44,1,10.06,16,24.53,42.83
OC McCoy,8,Bowler,8,1.0,160.0,11,8.5,0,1,8,1.14,160.0,9,8.34,1,28.3,27.75
HR Shokeen,13,All-rounder,66,5.08,98.51,5,9.01,9,0,66,6.6,98.51,3,9.19,9,36.67,26.96
R Dhawan,37,Bowler,210,5.68,111.7,25,7.98,18,7,68,6.18,119.3,3,9.65,9,37.01,20.5
DJ Mitchell,15,Batsman,351,23.4,128.1,1,11.41,28,10,183,18.3,156.41,1,11.41,26,19.64,53.36
B Indrajith,3,All-rounder,21,7.0,67.74,0,0.0,2,0,21,7.0,67.74,0,0.0,2,54.84,9.14
Harshit Rana,28,Bowler,25,0.89,73.53,36,8.89,3,0,25,2.5,75.76,9,8.96,3,43.35,30.31
K Kartikeya,15,Bowler,10,0.67,71.43,12,8.42,1,0,10,1.25,71.43,5,9.28,1,27.82,23.99
Simarjeet Singh,14,Bowler,10,0.71,66.67,11,9.63,0,0,10,1.0,66.67,5,12.05,0,31.43,21.32
SA Abbott,3,All-rounder,22,7.33,122.22,1,10.58,1,2,22,7.33,122.22,1,10.58,3,28.57,23.54
Fazalhaq Farooqi,10,Bowler,5,0.5,33.33,6,9.31,0,0,5,0.62,33.33,4,9.63,0,34.57,21.28
KS Sharma,3,All-rounder,16,5.33,64.0,0,0.0,1,0,16,5.33,64.0,0,0.0,1,48.0,9.81
R Sai Kishore,18,Bowler,14,0.78,200.0,25,8.05,0,2,14,1.75,200.0,9,8.02,2,25.76,24.63
T Stubbs,25,Batsman,594,23.76,166.85,4,11.19,40,35,155,15.5,164.89,4,11.19,19,19.85,52.01
PH Solanki,2,Bowler,0,0.0,0.0,2,6.5,0,0,0,0.0,0.0,2,6.5,0,30.56,29.55
M Pathirana,27,Bowler,0,0.0,0.0,41,7.76,0,0,0,0.0,0.0,7,8.91,0,27.17,24.76
R Sanjay Yadav,1,All-rounder,0,0.0,0.0,0,9.86,0,0,0,0.0,0.0,0,9.86,0,50.0,16.57
A Tomar,1,All-rounder,4,4.0,50.0,0,0.0,1,0,4,4.0,50.0,0,0.0,1,87.5,11.35
PN Mankad,5,Batsman,97,19.4,129.33,0,0.0,13,2,97,19.4,129.33,0,0.0,15,37.33,40.92
J Little,11,Bowler,0,0.0,0.0,11,8.67,0,0,0,0.0,0.0,8,8.73,0,32.09,28.06
RS Hangargekar,2,Bowler,0,0.0,0.0,3,8.37,0,0,0,0.0,0.0,3,8.37,0,32.56,33.9
Sikandar Raza,9,Batsman,182,20.22,127.27,3,9.95,12,8,165,18.33,128.91,3,9.95,18,30.09,46.2
Rahmanullah Gurbaz,15,Batsman,291,19.4,123.31,0,0.0,24,19,93,13.29,102.2,0,0.0,14,48.35,29.96
KR Mayers,13,Batsman,379,29.15,137.32,0,7.7,38,22,160,16.0,125.98,0,7.7,28,43.93,46.65
Mukesh Kumar,28,Bowler,10,0.36,50.0,33,9.74,0,0,10,0.83,50.0,8,8.73,0,31.03,29.5
RR Rossouw,22,Batsman,473,21.5,147.35,0,0.0,45,25,210,30.0,176.47,0,0.0,36,30.25,63.96
HC Brook,11,Batsman,190,17.27,119.5,0,0.0,23,4,61,8.71,98.39,0,0.0,8,45.16,24.02
NA Saini,1,All-rounder,0,0.0,0.0,0,14.0,0,0,0,0.0,0.0,0,14.0,0,13.33,7.0
C Green,29,All-rounder,707,24.38,149.79,16,8.77,62,32,187,23.38,154.55,6,7.87,24,26.83,41.11
N Wadhera,23,Batsman,539,23.43,137.15,0,7.76,46,30,189,23.62,143.18,0,7.76,26,32.21,53.35
Arshad Khan,14,Bowler,97,6.93,142.65,9,10.63,5,6,97,8.82,142.65,4,9.5,11,31.82,21.23
RJW Topley,5,Bowler,3,0.6,50.0,5,10.21,0,0,3,0.6,50.0,5,10.21,0,36.28,25.42
MG Bracewell,5,Bowler,58,11.6,118.37,6,8.64,6,1,58,11.6,118.37,6,8.64,7,33.04,29.68
Yash Thakur,21,Bowler,0,0.0,0.0,25,9.88,0,0,0,0.0,0.0,5,11.7,0,24.07,21.09
Abishek Porel,24,Batsman,585,24.38,145.89,0,0.0,60,22,225,32.14,145.16,0,0.0,30,23.87,61.54
Dhruv Jurel,31,Batsman,585,18.87,146.25,0,0.0,46,30,135,19.29,137.76,0,0.0,15,26.53,42.19
Suyash Sharma,21,Bowler,0,0.0,0.0,14,8.54,0,0,0,0.0,0.0,3,7.93,0,34.55,26.43
SSB Magala,2,All-rounder,0,0.0,0.0,1,8.43,0,0,0,0.0,0.0,1,8.43,0,13.51,9.69
MW Short,6,Batsman,117,19.5,118.18,0,6.0,15,4,117,19.5,118.18,0,6.0,19,43.55,42.76
Mohit Rathee,1,All-rounder,1,1.0,50.0,0,14.5,0,0,1,1.0,50.0,0,14.5,0,28.57,17.9
WD Parnell,33,Bowler,65,1.97,75.58,35,7.66,4,1,17,1.31,58.62,9,9.06,0,35.48,29.57
YV Dhull,3,All-rounder,16,5.33,69.57,0,0.0,1,0,16,5.33,69.57,0,0.0,1,43.48,7.68
Vijaykumar Vyshak,12,Bowler,14,1.17,107.69,13,9.56,0,1,14,1.56,107.69,7,9.36,1,27.33,24.29
Yudhvir Singh,6,Bowler,22,3.67,137.5,4,9.78,1,2,22,3.67,137.5,4,9.78,3,39.05,24.13
Atharva Taide,9,Batsman,247,27.44,139.55,0,24.0,27,8,243,34.71,141.28,0,24.0,34,28.9,63.06
Harpreet Singh,8,Batsman,123,15.38,103.36,0,0.0,10,3,122,17.43,103.39,0,0.0,13,38.98,37.12
Arjun Tendulkar,5,Bowler,13,2.6,144.44,3,8.46,0,1,13,2.6,144.44,3,8.46,1,34.78,25.49
D Jansen,1,Bowler,0,0.0,0.0,1,11.36,0,0,0,0.0,0.0,1,11.36,0,21.43,24.43
Noor Ahmad,32,Bowler,16,0.5,51.61,38,7.85,2,0,15,1.25,53.57,7,8.22,2,36.84,26.58
Naveen-ul-Haq,17,Bowler,18,1.06,69.23,25,8.87,2,0,18,1.8,69.23,10,10.15,2,30.22,25.78
Liton Das,1,All-rounder,4,4.0,100.0,0,0.0,1,0,4,4.0,100.0,0,0.0,1,75.0,15.1
PD Salt,30,Batsman,892,29.73,167.35,0,0.0,104,47,151,21.57,152.53,0,0.0,26,39.39,47.59
Mayank Dagar,8,All-rounder,0,0.0,0.0,2,8.91,0,0,0,0.0,0.0,2,9.2,0,32.23,14.5
Abdul Basith,1,All-rounder,1,1.0,100.0,0,0.0,0,0,1,1.0,100.0,0,0.0,0,0.0,12.9
D Wiese,18,Bowler,148,8.22,140.95,16,8.74,12,7,59,5.9,137.21,6,9.43,6,21.81,22.61
Gurnoor Brar,1,All-rounder,0,0.0,0.0,0,12.0,0,0,0,0.0,0.0,0,12.0,0,33.33,10.0
AJ Hosein,1,All-rounder,16,16.0,145.45,1,10.25,1,1,16,16.0,145.45,1,10.25,2,22.86,36.43
Akash Madhwal,13,Bowler,4,0.31,80.0,19,9.27,0,0,4,0.57,80.0,11,9.65,0,33.33,29.27
R Goyal,1,All-rounder,0,0.0,0.0,0,8.5,0,0,0,0.0,0.0,0,8.5,0,25.0,10.25
Vivrant Sharma,2,Batsman,69,34.5,140.82,0,10.57,9,2,69,34.5,140.82,0,10.57,11,27.14,91.12
JE Root,2,All-rounder,10,5.0,66.67,0,7.5,1,0,10,5.0,66.67,0,7.5,1,33.33,23.75
MD Shanaka,3,All-rounder,26,8.67,100.0,0,0.0,2,1,26,8.67,100.0,0,0.0,3,46.15,12.96
Sanvir Singh,5,All-rounder,25,5.0,113.64,0,0.0,2,1,25,5.0,113.64,0,0.0,3,31.82,13.29
Nithish Kumar Reddy,21,Batsman,455,21.67,125.69,3,10.58,29,23,122,8.71,98.39,3,10.62,11,29.38,35.17
H Sharma,2,All-rounder,0,0.0,0.0,0,12.4,0,0,0,0.0,0.0,0,12.4,0,6.67,5.29
R Ravindra,18,Batsman,413,22.94,138.59,0,3.5,40,16,126,14.0,120.0,0,3.5,16,34.19,37.28
SD Hope,9,Batsman,183,20.33,146.4,0,0.0,12,12,139,19.86,154.44,0,0.0,19,36.67,46.8
Sumit Kumar,3,All-rounder,18,6.0,69.23,0,10.36,2,1,18,6.0,69.23,0,10.36,3,37.5,18.41
MA Starc,47,Bowler,110,2.34,93.22,62,8.35,11,0,8,0.73,47.06,3,9.97,0,32.7,19.74
N Burger,5,Bowler,0,0.0,0.0,7,8.69,0,0,0,0.0,0.0,7,8.69,0,43.81,35.13
Azmatullah Omarzai,8,All-rounder,58,7.25,118.37,4,9.36,4,3,58,7.25,118.37,2,9.56,7,37.79,28.28
L Wood,2,All-rounder,9,4.5,300.0,1,14.84,0,1,9,4.5,300.0,1,14.84,1,19.51,33.77
SZ Mulani,2,All-rounder,1,0.5,100.0,0,10.36,0,0,1,0.5,100.0,0,10.36,0,20.59,19.5
Naman Dhir,13,Batsman,270,20.77,170.89,0,8.55,25,16,192,21.33,184.62,0,8.55,28,20.53,60.25
G Coetzee,10,Bowler,14,1.4,63.64,13,9.92,0,1,14,1.56,63.64,10,9.2,1,41.28,33.72
SH Johnson,9,Bowler,8,0.89,72.73,5,10.08,1,0,8,1.0,72.73,2,10.1,1,36.05,20.5
Sameer Rizvi,7,All-rounder,75,10.71,117.19,0,0.0,6,3,75,10.71,117.19,0,0.0,9,40.62,15.51
KT Maphaka,2,All-rounder,0,0.0,0.0,1,13.85,0,0,0,0.0,0.0,1,13.85,0,28.21,10.62
M Siddharth,5,Bowler,0,0.0,0.0,3,8.32,0,0,0,0.0,0.0,3,8.32,0,32.67,26.07
MP Yadav,4,Bowler,0,0.0,0.0,7,6.95,0,0,0,0.0,0.0,7,6.95,0,51.32,40.7
SB Dubey,8,All-rounder,92,11.5,161.4,0,0.0,6,7,84,12.0,164.71,0,0.0,12,31.37,18.87
A Raghuvanshi,14,Batsman,360,25.71,148.76,0,0.0,37,14,197,28.14,148.12,0,0.0,27,25.56,57.91
Ashutosh Sharma,14,Batsman,325,23.21,160.1,0,0.0,21,23,155,22.14,155.0,0,0.0,21,18.0,47.46
Saurav Chauhan,3,All-rounder,18,6.0,112.5,0,0.0,1,1,18,6.0,112.5,0,0.0,2,37.5,12.97
Kumar Kushagra,3,All-rounder,3,1.0,42.86,0,0.0,0,0,3,1.0,42.86,0,0.0,0,71.43,4.53
BR Sharath,1,All-rounder,2,2.0,40.0,0,0.0,0,0,2,2.0,40.0,0,0.0,0,60.0,8.8
KA Maharaj,2,Bowler,1,0.5,50.0,2,6.5,0,0,1,0.5,50.0,2,6.5,0,31.58,32.44
WG Jacks,16,Batsman,343,21.44,149.78,5,8.57,25,23,113,10.27,117.71,4,7.7,14,35.03,37.77
J Fraser-McGurk,15,Batsman,385,25.67,189.66,0,0.0,39,30,55,7.86,96.49,0,0.0,9,56.14,23.33
Tanush Kotian,1,Batsman,24,24.0,75.0,0,0.0,3,0,24,24.0,75.0,0,0.0,3,53.12,46.45
Arshad Khan (2),1,All-rounder,5,5.0,125.0,0,11.54,1,0,5,5.0,125.0,0,11.54,1,35.29,26.99
S Joseph,1,All-rounder,0,0.0,0.0,0,10.2,0,0,0,0.0,0.0,0,10.2,0,30.0,9.5
N Thushara,7,Bowler,0,0.0,0.0,8,9.03,0,0,0,0.0,0.0,8,9.03,0,28.49,27.47
LB Williams,2,All-rounder,1,0.5,50.0,1,10.57,0,0,1,0.5,50.0,1,10.57,0,29.55,19.79
AA Kulkarni,2,All-rounder,9,4.5,112.5,0,0.0,2,0,9,4.5,112.5,0,0.0,2,62.5,11.24
RJ Gleeson,2,All-rounder,2,1.0,100.0,1,8.47,0,0,2,1.0,100.0,1,8.47,0,35.85,26.82
MJ Suthar,1,All-rounder,1,1.0,50.0,0,13.0,0,0,1,1.0,50.0,0,13.0,0,35.71,19.15
A Kamboj,6,Bowler,7,1.17,70.0,5,8.72,0,0,7,1.17,70.0,5,8.72,0,37.8,27.68
Gulbadin Naib,2,All-rounder,19,9.5,126.67,0,12.0,1,1,19,9.5,126.67,0,12.0,2,23.81,31.6
D Ferreira,3,All-rounder,9,3.0,64.29,0,0.0,0,0,9,3.0,64.29,0,0.0,0,42.86,6.31
V Viyaskanth,3,All-rounder,7,2.33,140.0,1,9.0,0,0,7,2.33,140.0,1,9.0,0,24.62,28.6
V Kaverappa,1,Bowler,0,0.0,0.0,2,9.0,0,0,0,0.0,0.0,2,9.0,0,45.83,41.75
T Kohler-Cadmore,3,Batsman,48,16.0,88.89,0,0.0,7,1,48,16.0,88.89,0,0.0,8,59.26,38.77
Shivam Singh,1,All-rounder,2,2.0,66.67,0,0.0,0,0,2,2.0,66.67,0,0.0,0,33.33,10.8
Aniket Verma,8,Batsman,190,23.75,153.23,0,0.0,9,16,183,26.14,151.24,0,0.0,24,33.88,52.31
RD Rickelton,9,Batsman,215,23.89,140.52,0,0.0,29,8,196,28.0,145.19,0,0.0,33,38.52,57.44
R Minz,2,All-rounder,6,3.0,37.5,0,0.0,0,0,6,3.0,37.5,0,0.0,0,62.5,9.01
PVSN Raju,2,All-rounder,1,0.5,100.0,1,11.17,0,0,1,0.5,100.0,1,11.17,0,10.0,21.44
V Puthur,5,Bowler,0,0.0,0.0,6,8.96,0,0,0,0.0,0.0,6,8.96,0,32.88,28.57
V Nigam,8,Bowler,54,6.75,186.21,7,9.07,6,3,54,6.75,186.21,6,8.26,9,31.82,27.74
DS Rathi,9,Bowler,0,0.0,0.0,9,7.24,0,0,0,0.0,0.0,6,6.87,0,30.81,30.98
Prince Yadav,4,All-rounder,0,0.0,0.0,1,8.87,0,0,0,0.0,0.0,1,8.87,0,28.72,10.36
Priyansh Arya,9,Batsman,323,35.89,193.41,0,0.0,32,22,268,38.29,200.0,0,0.0,44,29.85,74.58
PWA Mulder,1,All-rounder,9,9.0,75.0,0,16.0,1,0,9,9.0,75.0,0,16.0,1,33.33,22.73
Zeeshan Ansari,7,Bowler,0,0.0,0.0,5,9.41,0,0,0,0.0,0.0,5,9.41,0,24.18,23.32
J Overton,3,All-rounder,15,5.0,214.29,0,12.29,1,1,15,5.0,214.29,0,12.29,2,20.83,29.17
Ashwani Kumar,3,Bowler,0,0.0,0.0,6,12.23,0,0,0,0.0,0.0,6,12.23,0,28.85,30.04
PHKD Mendis,3,All-rounder,60,20.0,120.0,2,8.4,4,2,60,20.0,120.0,2,8.4,6,32.5,32.92
Suryansh Shedge,2,All-rounder,6,3.0,75.0,0,0.0,0,0,6,3.0,75.0,0,0.0,0,25.0,10.16
E Malinga,3,Bowler,0,0.0,0.0,5,9.86,0,0,0,0.0,0.0,5,9.86,0,25.71,30.43
SK Rasheed,3,Batsman,46,15.33,109.52,0,0.0,7,0,46,15.33,109.52,0,0.0,7,45.24,35.98
JP Inglis,4,All-rounder,56,14.0,119.15,0,0.0,6,1,56,14.0,119.15,0,0.0,7,34.04,17.81
XC Bartlett,3,Bowler,11,3.67,73.33,2,9.33,1,0,11,3.67,73.33,2,9.33,1,46.38,29.97
MS Bhandage,1,All-rounder,1,1.0,25.0,0,0.0,0,0,1,1.0,25.0,0,0.0,0,75.0,7.28
V Suryavanshi,2,Batsman,50,25.0,151.52,0,0.0,2,5,50,25.0,151.52,0,0.0,7,42.42,56.13
A Mhatre,2,Batsman,62,31.0,172.22,0,0.0,10,2,62,31.0,172.22,0,0.0,12,33.33,72.31
SC Ganguly,57,Batsman,1349,23.67,101.73,10,7.93,137,42,141,11.75,89.24,0,0.0,17,41.14,37.11
RT Ponting,9,All-rounder,91,10.11,70.54,0,0.0,5,2,71,10.14,65.74,0,0.0,5,50.0,9.87
DJ Hussey,61,Batsman,1322,21.67,120.07,8,9.01,90,60,152,12.67,117.83,0,0.0,18,35.66,42.25
Mohammad Hafeez,8,All-rounder,64,8.0,76.19,2,6.76,7,2,59,8.43,72.84,2,6.76,8,46.53,24.52
AA Noffke,1,Bowler,9,9.0,75.0,1,9.84,1,0,9,9.0,75.0,1,9.84,1,27.03,25.52
JH Kallis,98,All-rounder,2427,24.77,105.94,65,7.83,255,44,151,18.88,115.27,4,8.79,17,34.41,31.31
SB Joshi,4,All-rounder,6,1.5,37.5,1,8.95,0,0,6,1.5,37.5,1,8.95,0,36.62,18.05
CL White,45,Batsman,971,21.58,125.45,1,11.22,76,38,104,8.0,114.29,0,0.0,14,39.56,33.03
R Dravid,82,Batsman,2174,26.51,113.35,0,0.0,269,28,163,23.29,100.0,0,0.0,24,50.31,42.96
W Jaffer,8,Batsman,130,16.25,100.78,0,0.0,14,3,124,17.71,111.71,0,0.0,17,39.64,35.79
MV Boucher,23,Batsman,394,17.13,123.9,0,0.0,32,13,39,5.57,108.33,0,0.0,4,36.11,25.64
B Akhil,15,All-rounder,76,5.07,133.33,6,7.65,5,5,68,6.18,158.14,4,7.36,10,32.82,30.45
AB Agarkar,42,Bowler,179,4.26,111.87,29,8.59,13,5,59,4.92,111.32,1,9.09,5,22.16,16.29
LR Shukla,43,All-rounder,405,9.42,113.13,15,8.43,33,16,61,6.1,89.71,2,8.68,7,40.28,21.62
ML Hayden,32,Batsman,1107,34.59,131.94,0,0.0,121,44,85,12.14,78.7,0,0.0,11,53.7,25.16
MEK Hussey,58,Batsman,1977,34.09,119.96,0,0.0,198,52,194,27.71,128.48,0,0.0,25,33.11,50.9
JDP Oram,15,Bowler,106,7.07,96.36,9,8.9,6,5,39,4.33,62.9,3,9.77,2,40.71,20.51
S Badrinath,65,Batsman,1441,22.17,115.74,0,0.0,154,28,124,17.71,100.81,0,0.0,11,33.33,34.0
B Lee,38,Bowler,124,3.26,121.57,25,7.38,8,8,66,5.5,173.68,6,8.66,9,36.79,28.68
S Sreesanth,44,Bowler,34,0.77,59.65,40,7.74,6,0,14,1.17,70.0,5,7.54,3,51.28,31.83
JR Hopes,20,All-rounder,417,20.85,132.8,14,9.14,49,11,183,22.88,115.82,5,8.66,23,29.97,35.84
K Goel,16,All-rounder,218,13.62,91.21,0,8.42,17,9,85,10.62,77.27,0,8.42,8,41.24,23.11
WA Mota,10,All-rounder,56,5.6,73.68,4,7.84,2,0,55,5.5,73.33,4,7.84,2,34.0,20.21
KC Sangakkara,68,Batsman,1687,24.81,118.47,0,0.0,195,27,89,12.71,85.58,0,0.0,10,45.19,27.91
SM Katich,11,Batsman,241,21.91,126.18,0,0.0,26,8,108,15.43,127.06,0,0.0,17,45.88,36.46
M Muralitharan,66,Bowler,20,0.3,66.67,64,6.7,1,0,20,1.43,76.92,4,8.66,1,34.52,24.43
P Amarnath,6,Bowler,0,0.0,0.0,7,10.95,0,0,0,0.0,0.0,7,10.95,0,21.97,24.0
Joginder Sharma,16,Bowler,36,2.25,120.0,12,9.29,1,2,36,3.6,120.0,3,10.33,3,26.67,18.99
T Kohli,3,All-rounder,11,3.67,55.0,0,0.0,0,1,11,3.67,55.0,0,0.0,1,65.0,7.52
M Kaif,22,All-rounder,259,11.77,100.39,0,0.0,22,6,77,11.0,101.32,0,0.0,7,35.53,16.02
DS Lehmann,2,All-rounder,18,9.0,94.74,0,0.0,3,0,18,9.0,94.74,0,0.0,3,42.11,12.76
M Rawat,11,All-rounder,55,5.0,78.57,0,0.0,4,1,51,7.29,87.93,0,0.0,5,37.93,10.68
D Salunkhe,5,All-rounder,33,6.6,137.5,1,9.41,5,0,33,6.6,137.5,1,9.41,5,28.0,25.77
SK Warne,55,Bowler,198,3.6,90.41,57,7.19,14,6,14,1.08,45.16,7,5.96,1,41.84,34.49
SK Trivedi,76,Bowler,42,0.55,68.85,65,7.49,3,1,28,2.15,96.55,5,6.74,4,40.0,30.46
GD McGrath,14,Bowler,4,0.29,80.0,12,6.67,1,0,4,0.5,80.0,5,7.13,1,46.67,31.1
B Geeves,2,All-rounder,0,0.0,0.0,1,11.14,0,0,0,0.0,0.0,1,11.14,0,30.61,11.2
MF Maharoof,20,Bowler,177,8.85,142.74,27,7.24,12,9,58,5.8,113.73,8,8.46,5,36.0,30.5
DL Vettori,34,Bowler,121,3.56,102.54,28,6.83,11,2,31,3.1,106.9,3,6.75,4,31.31,27.71
V Sehwag,104,Batsman,2728,26.23,148.83,6,10.26,334,106,99,7.07,112.5,0,0.0,15,38.64,32.48
L Ronchi,5,All-rounder,34,6.8,91.89,0,0.0,6,1,34,6.8,91.89,0,0.0,7,62.16,12.31
ST Jayasuriya,30,Batsman,768,25.6,134.03,13,7.89,84,39,79,9.88,101.28,0,0.0,10,41.03,27.33
DJ Thornely,5,Bowler,39,7.8,72.22,3,5.45,2,2,39,7.8,72.22,3,5.45,4,45.92,33.38
PR Shah,9,All-rounder,92,10.22,94.85,0,0.0,9,2,63,9.0,96.92,0,0.0,7,44.62,11.87
AM Nayar,51,All-rounder,672,13.18,114.29,9,8.11,55,20,57,4.38,80.28,3,8.18,6,36.42,20.58
SM Pollock,13,Bowler,147,11.31,126.72,11,6.58,12,8,119,10.82,114.42,6,5.45,15,44.14,35.71
S Chanderpaul,3,All-rounder,25,8.33,75.76,0,0.0,4,0,25,8.33,75.76,0,0.0,4,54.55,11.87
LRPL Taylor,54,Batsman,1017,18.83,120.07,0,11.08,66,46,88,9.78,87.13,0,0.0,8,39.6,25.41
AC Gilchrist,80,Batsman,2069,25.86,133.05,1,0.0,239,92,233,33.29,133.14,0,0.0,36,36.0,59.3
Y Venugopal Rao,57,Batsman,985,17.28,113.87,6,9.14,77,37,94,6.71,98.95,0,0.0,9,31.58,33.3
VVS Laxman,20,All-rounder,282,14.1,104.06,0,0.0,33,5,74,10.57,93.67,0,0.0,8,41.77,12.4
A Symonds,36,All-rounder,974,27.06,124.71,20,7.71,74,41,88,8.0,88.89,2,6.99,7,39.47,26.09
SB Styris,12,Bowler,131,10.92,97.76,8,7.51,10,3,87,9.67,106.1,6,8.19,8,33.33,28.13
AS Yadav,6,All-rounder,49,8.17,122.5,0,0.0,5,2,49,8.17,122.5,0,0.0,7,37.5,15.33
SB Bangar,10,All-rounder,49,4.9,84.48,4,8.67,1,3,49,4.9,84.48,4,8.6,4,35.96,22.88
WPUJC Vaas,13,Bowler,81,6.23,110.96,18,7.58,2,3,60,7.5,109.09,11,7.46,4,41.4,38.16
RP Singh,82,Bowler,52,0.63,66.67,90,7.74,2,1,7,0.5,50.0,4,9.35,0,36.17,22.1
M Kartik,55,Bowler,113,2.05,103.67,31,7.2,7,1,40,3.08,102.56,6,8.32,3,27.92,25.57
PP Ojha,90,Bowler,16,0.18,35.56,89,7.4,0,0,7,0.58,53.85,3,8.14,0,34.13,25.13
DPMD Jayawardene,78,Batsman,1808,23.18,118.79,0,0.0,200,40,134,19.14,95.71,0,0.0,20,50.71,39.27
S Sohal,20,Batsman,368,18.4,118.33,0,0.0,34,18,142,20.29,122.41,0,0.0,19,39.66,40.68
Pankaj Singh,17,Bowler,7,0.41,58.33,11,9.11,0,0,7,0.58,58.33,7,8.42,0,43.71,30.74
Kamran Akmal,6,Batsman,128,21.33,164.1,0,0.0,13,8,128,21.33,164.1,0,0.0,21,39.74,51.56
Shahid Afridi,10,Bowler,81,8.1,176.09,9,7.69,7,6,69,9.86,197.14,4,7.76,11,29.75,22.4
Mohammad Asif,8,Bowler,3,0.38,50.0,8,9.26,0,0,3,0.43,50.0,6,9.84,0,28.18,23.82
VY Mahesh,17,Bowler,15,0.88,53.57,21,8.54,0,0,15,1.36,53.57,7,9.2,0,32.19,25.14
VS Yeligati,2,All-rounder,2,1.0,100.0,0,11.44,0,0,2,1.0,100.0,0,11.44,0,20.59,20.48
MA Khote,3,Bowler,24,8.0,109.09,2,10.4,2,1,24,8.0,109.09,2,10.4,3,23.08,22.52
GC Smith,29,Batsman,739,25.48,106.95,0,0.0,94,9,86,12.29,86.87,0,0.0,13,54.55,28.44
D Kalyankrishna,3,Bowler,3,1.0,37.5,2,10.56,0,0,3,1.0,37.5,2,10.56,0,24.14,20.74
RR Sarwan,4,Batsman,73,18.25,93.59,0,0.0,6,1,73,18.25,93.59,0,0.0,7,38.46,37.37
VRV Singh,18,Bowler,4,0.22,133.33,12,8.88,1,0,4,0.44,133.33,1,9.19,1,29.82,16.95
Sohail Tanvir,11,Bowler,36,3.27,116.13,22,6.23,3,1,36,4.0,116.13,14,6.57,4,40.91,41.75
A Kumble,42,Bowler,35,0.83,71.43,45,6.65,3,0,14,1.27,73.68,9,6.98,1,35.6,34.45
DNT Zoysa,3,Bowler,11,3.67,122.22,2,8.7,1,0,11,3.67,122.22,2,8.7,1,32.05,26.07
SD Chitnis,9,All-rounder,99,11.0,107.61,2,9.79,10,2,84,9.33,97.67,2,9.79,10,34.68,26.72
Shoaib Malik,6,All-rounder,52,8.67,106.12,2,9.0,5,0,52,8.67,106.12,2,9.0,5,26.17,24.11
TM Srivastava,3,All-rounder,8,2.67,72.73,0,0.0,0,0,8,2.67,72.73,0,0.0,0,45.45,6.52
B Chipli,21,All-rounder,280,13.33,109.38,0,20.0,28,7,68,8.5,98.55,0,20.0,9,44.0,20.95
JA Morkel,90,Bowler,975,10.83,136.94,85,8.0,61,55,134,14.89,131.37,5,9.95,16,30.18,22.91
DB Das,22,All-rounder,304,13.82,113.86,0,0.0,23,16,77,11.0,97.47,0,0.0,10,48.1,14.41
CRD Fernando,10,Bowler,4,0.4,133.33,17,7.37,0,0,4,0.5,133.33,13,6.55,0,42.61,42.51
HH Gibbs,36,Batsman,886,24.61,105.85,0,0.0,83,31,178,25.43,93.68,0,0.0,22,47.37,42.19
Gagandeep Singh,4,Bowler,0,0.0,0.0,3,10.14,0,0,0,0.0,0.0,3,10.14,0,29.76,24.04
SA Asnodkar,19,Batsman,423,22.26,120.17,0,0.0,56,10,98,14.0,103.16,0,0.0,15,52.63,30.96
Umar Gul,6,Bowler,39,6.5,205.26,12,7.76,1,5,39,6.5,205.26,12,7.76,6,33.14,38.71
Salman Butt,7,Batsman,193,27.57,112.21,0,0.0,30,2,193,27.57,112.21,0,0.0,32,40.7,49.7
BJ Hodge,63,Batsman,1400,22.22,121.42,17,7.82,122,43,182,14.0,136.84,0,0.0,20,31.58,50.52
SP Fleming,10,Batsman,196,19.6,114.62,0,0.0,27,3,169,24.14,122.46,0,0.0,26,40.58,48.42
S Vidyut,8,Batsman,145,18.12,126.09,1,10.15,21,3,91,13.0,118.18,0,0.0,16,46.75,33.26
M Ntini,9,Bowler,11,1.22,57.89,7,7.24,2,0,11,1.38,57.89,7,7.33,2,50.0,34.86
LPC Silva,3,All-rounder,40,13.33,148.15,0,21.0,5,1,40,13.33,148.15,0,21.0,6,21.21,24.79
DB Ravi Teja,25,All-rounder,375,15.0,115.38,1,9.33,35,9,110,12.22,108.91,1,9.33,12,31.93,27.03
Misbah-ul-Haq,8,All-rounder,117,14.62,142.68,0,0.0,10,6,114,16.29,148.05,0,0.0,16,33.77,19.9
DP Vijaykumar,9,All-rounder,1,0.11,100.0,4,7.74,0,0,1,0.14,100.0,3,8.2,0,35.48,25.62
YV Takawale,10,Batsman,192,19.2,104.92,0,0.0,26,3,146,20.86,119.67,0,0.0,25,46.72,44.0
RR Raje,10,Bowler,20,2.0,111.11,6,8.92,1,1,20,2.5,111.11,4,9.45,2,29.46,21.61
DT Patil,2,All-rounder,13,6.5,100.0,0,0.0,1,0,13,6.5,100.0,0,0.0,1,38.46,13.68
S Anirudha,12,All-rounder,136,11.33,112.4,0,0.0,9,7,41,5.86,110.81,0,0.0,4,29.73,11.3
L Balaji,73,Bowler,36,0.49,72.0,76,7.94,2,1,17,1.42,73.91,10,8.01,1,38.59,32.37
CK Kapugedera,4,All-rounder,16,4.0,66.67,0,17.29,0,0,16,4.0,66.67,0,17.29,0,17.07,10.79
A Chopra,6,All-rounder,53,8.83,70.67,0,0.0,7,0,53,8.83,70.67,0,0.0,7,53.33,10.34
T Taibu,3,All-rounder,31,10.33,119.23,0,0.0,3,0,31,10.33,119.23,0,0.0,3,34.62,17.43
J Arunkumar,3,All-rounder,23,7.67,95.83,0,0.0,5,0,23,7.67,95.83,0,0.0,5,58.33,11.92
SR Tendulkar,78,Batsman,2334,29.92,114.19,0,9.57,296,29,162,14.73,120.0,0,0.0,26,38.52,48.16
U Kaul,1,All-rounder,0,0.0,0.0,0,0.0,0,0,0,0.0,0.0,0,0.0,0,100.0,5.0
TM Dilshan,50,Batsman,1153,23.06,110.12,5,8.03,140,24,90,8.18,76.92,0,0.0,14,58.12,27.17
AD Mascarenhas,13,Bowler,79,6.08,100.0,19,7.06,5,1,39,4.88,97.5,11,7.14,2,33.97,37.05
NK Patel,6,Batsman,121,20.17,97.58,0,0.0,14,1,121,20.17,97.58,0,0.0,15,43.55,35.77
LA Pomersbach,16,Batsman,302,18.88,120.32,0,0.0,25,13,109,15.57,107.92,0,0.0,12,41.58,34.87
Shoaib Akhtar,3,Bowler,2,0.67,25.0,5,7.04,0,0,2,0.67,25.0,5,7.04,0,51.85,38.28
Younis Khan,1,All-rounder,3,3.0,42.86,0,0.0,0,0,3,3.0,42.86,0,0.0,0,57.14,9.41
RR Powar,26,All-rounder,67,2.58,104.69,13,7.29,6,1,29,2.64,87.88,4,8.97,1,33.78,21.84
PM Sarvesh Kumar,2,All-rounder,1,0.5,50.0,1,8.13,0,0,1,0.5,50.0,1,8.13,0,36.36,22.91
Abdur Razzak,1,All-rounder,0,0.0,0.0,0,12.43,0,0,0,0.0,0.0,0,12.43,0,43.75,15.36
H Das,1,All-rounder,2,2.0,40.0,0,0.0,0,0,2,2.0,40.0,0,0.0,0,60.0,8.8
A Nel,1,Bowler,0,0.0,0.0,1,10.33,0,0,0,0.0,0.0,1,10.33,0,38.89,29.67
A Mukund,2,All-rounder,19,9.5,82.61,0,0.0,1,0,19,9.5,82.61,0,0.0,1,34.78,10.5
BAW Mendis,10,Bowler,3,0.3,50.0,8,7.4,0,0,3,0.38,50.0,5,7.19,0,32.2,27.32
T Thushara,6,Bowler,12,2.0,63.16,8,6.83,0,0,12,2.0,63.16,8,6.83,0,40.49,37.52
A Flintoff,3,All-rounder,62,20.67,108.77,2,9.64,5,2,62,20.67,108.77,2,9.64,7,30.08,33.49
JD Ryder,29,Batsman,604,20.83,129.61,8,7.82,69,19,134,11.17,114.53,0,0.0,17,37.61,37.35
KP Pietersen,36,Batsman,1001,27.81,132.06,7,7.27,91,40,224,16.0,134.94,0,0.0,30,32.53,58.43
Kamran Khan,9,Bowler,3,0.33,60.0,10,8.41,0,0,3,0.38,60.0,6,9.12,0,39.23,26.13
T Henderson,2,All-rounder,11,5.5,68.75,1,6.83,0,1,11,5.5,68.75,1,6.83,1,46.15,23.12
RS Bopara,24,Batsman,531,22.12,113.46,11,8.48,39,16,123,13.67,116.04,0,0.0,10,30.19,36.99
DP Nannes,29,Bowler,4,0.14,30.77,28,7.1,0,0,4,0.44,30.77,6,7.79,0,42.68,28.49
AM Salvi,7,Bowler,0,0.0,0.0,7,7.88,0,0,0,0.0,0.0,7,7.88,0,36.54,30.12
YA Abdulla,11,Bowler,0,0.0,0.0,15,8.41,0,0,0,0.0,0.0,8,8.86,0,37.33,29.53
VS Malik,13,All-rounder,7,0.54,100.0,6,7.58,1,0,7,1.0,100.0,4,7.63,1,39.2,24.93
FH Edwards,6,Bowler,4,0.67,80.0,5,6.4,0,0,4,0.67,80.0,5,6.4,0,47.1,33.56
Harmeet Singh,28,Bowler,18,0.64,150.0,27,7.81,3,0,18,1.8,150.0,6,8.57,3,32.93,26.95
R Bishnoi,3,All-rounder,19,6.33,111.76,0,0.0,1,2,19,6.33,111.76,0,0.0,3,64.71,11.92
PC Valthaty,23,Batsman,505,21.96,116.9,7,8.12,61,20,36,2.77,52.17,0,0.0,4,65.22,14.87
RJ Quiney,7,All-rounder,103,14.71,98.1,0,0.0,12,3,103,14.71,98.1,0,0.0,15,46.67,15.39
AS Raut,17,All-rounder,194,11.41,112.79,0,9.0,13,7,114,10.36,114.0,0,9.0,12,32.31,26.25
Yashpal Singh,4,All-rounder,47,11.75,70.15,0,0.0,5,0,47,11.75,70.15,0,0.0,5,55.22,13.91
RR Bose,1,All-rounder,0,0.0,0.0,0,12.0,0,0,0,0.0,0.0,0,12.0,0,41.67,11.25
M Manhas,38,All-rounder,514,13.53,105.76,0,6.0,43,10,48,4.8,111.63,0,6.0,5,35.29,26.45
KP Appanna,13,Bowler,2,0.15,50.0,9,7.86,0,0,2,0.22,50.0,6,8.38,0,31.54,24.62
Shoaib Ahmed,7,Bowler,1,0.14,16.67,5,8.97,0,0,1,0.14,16.67,5,8.97,0,34.86,21.04
AA Bilakhia,7,All-rounder,69,9.86,78.41,0,0.0,5,0,69,9.86,78.41,0,0.0,5,40.91,11.98
AN Ghosh,2,All-rounder,7,3.5,87.5,0,0.0,1,0,7,3.5,87.5,0,0.0,1,62.5,8.46
MN van Wyk,5,Batsman,167,33.4,123.7,0,0.0,19,1,167,33.4,123.7,0,0.0,20,27.41,55.83
RE van der Merwe,21,Bowler,159,7.57,110.42,21,6.79,11,8,37,3.36,86.05,6,6.0,3,39.27,33.69
TL Suman,40,Batsman,676,16.9,115.16,6,7.82,55,26,67,5.15,87.01,0,0.0,10,54.55,26.57
S Tyagi,14,All-rounder,3,0.21,75.0,6,8.29,0,0,3,0.43,75.0,1,9.5,0,35.48,21.1
GR Napier,1,Bowler,15,15.0,93.75,1,7.0,1,0,15,15.0,93.75,1,7.0,1,37.5,34.0
SM Harwood,3,Bowler,9,3.0,64.29,3,6.63,0,0,9,3.0,64.29,3,6.63,0,45.68,36.36
LA Carseldine,5,Batsman,81,16.2,114.08,1,5.14,11,0,81,16.2,114.08,0,0.0,11,36.62,37.22
D du Preez,2,Bowler,10,5.0,76.92,4,7.81,0,0,10,5.0,76.92,4,7.81,0,41.07,42.73
RJ Harris,37,Bowler,117,3.16,104.46,45,7.53,6,3,28,2.8,121.74,8,6.63,3,47.42,37.58
A Singh,23,Bowler,2,0.09,20.0,28,7.89,0,0,2,0.18,20.0,7,10.1,0,29.7,23.47
M Morkel,70,Bowler,126,1.8,135.48,77,7.54,11,5,43,3.31,153.57,6,8.28,5,36.52,30.28
A Mithun,16,All-rounder,34,2.12,130.77,7,9.17,4,1,34,3.4,130.77,3,9.79,5,29.56,24.89
C Nanda,3,Bowler,0,0.0,0.0,2,6.96,0,0,0,0.0,0.0,2,6.96,0,27.45,26.83
SS Sarkar,2,All-rounder,0,0.0,0.0,1,8.16,0,0,0,0.0,0.0,1,8.16,0,16.0,7.78
J Botha,34,Bowler,409,12.03,112.36,25,6.92,39,5,65,8.12,112.07,4,7.27,11,40.34,25.67
Mashrafe Mortaza,1,All-rounder,2,2.0,100.0,0,12.64,0,0,2,2.0,100.0,0,12.64,0,23.33,21.51
GJ Bailey,36,Batsman,663,18.42,120.11,0,0.0,59,19,109,15.57,94.78,0,0.0,14,45.22,32.98
AB McDonald,10,Bowler,123,12.3,119.42,11,8.39,9,4,102,14.57,120.0,7,8.03,11,29.61,28.02
Y Nagar,20,All-rounder,285,14.25,105.17,4,10.42,20,9,137,10.54,115.13,2,10.68,14,26.97,27.61
CK Langeveldt,7,Bowler,8,1.14,88.89,13,7.24,0,1,8,1.14,88.89,13,7.24,1,43.1,39.2
SS Shaikh,1,All-rounder,6,6.0,85.71,0,0.0,1,0,6,6.0,85.71,0,0.0,1,57.14,14.83
Mohammad Ashraful,1,All-rounder,2,2.0,16.67,0,0.0,0,0,2,2.0,16.67,0,0.0,0,58.33,7.05
RA Shaikh,1,All-rounder,0,0.0,0.0,0,11.0,0,0,0,0.0,0.0,0,11.0,0,16.67,7.5
Jaskaran Singh,7,Bowler,8,1.14,72.73,6,9.41,0,0,8,1.14,72.73,6,9.41,0,36.07,25.94
CA Pujara,22,Batsman,390,17.73,96.77,0,0.0,50,4,144,20.57,96.64,0,0.0,20,41.61,41.1
OA Shah,22,Batsman,506,23.0,124.94,0,0.0,34,23,87,12.43,91.58,0,0.0,5,26.32,25.11
Anirudh Singh,4,Batsman,63,15.75,91.3,0,0.0,6,1,63,15.75,91.3,0,0.0,7,44.93,30.35
R Sathish,27,All-rounder,270,10.0,114.41,3,9.71,22,6,87,7.91,135.94,1,10.09,10,24.81,24.93
R McLaren,18,Bowler,159,8.83,89.33,12,9.0,14,1,93,10.33,85.32,7,10.83,8,31.85,24.53
SW Tait,21,Bowler,23,1.1,88.46,23,7.51,1,1,23,2.09,88.46,2,7.65,2,35.82,25.02
A Uniyal,2,Bowler,4,2.0,57.14,2,10.58,0,0,4,2.0,57.14,2,10.58,0,24.44,22.64
AA Jhunjhunwala,18,All-rounder,217,12.06,99.54,1,8.86,19,5,69,6.9,75.82,1,7.61,6,41.77,22.46
P Dogra,12,All-rounder,127,10.58,90.07,0,0.0,4,5,53,7.57,72.6,0,0.0,2,45.21,10.29
AG Murtaza,12,Bowler,10,0.83,71.43,9,7.18,1,0,10,1.43,71.43,5,7.22,1,40.37,25.17
MS Bisla,39,Batsman,798,20.46,108.28,0,0.0,93,23,68,9.71,86.08,0,0.0,12,60.76,26.26
RS Gavaskar,2,All-rounder,2,1.0,25.0,0,8.0,0,0,2,1.0,25.0,0,8.0,0,57.14,19.67
JM Kemp,5,Bowler,26,5.2,104.0,3,7.4,1,1,26,5.2,104.0,3,7.4,2,34.72,23.44
S Ladda,9,Bowler,0,0.0,0.0,5,9.57,0,0,0,0.0,0.0,3,9.91,0,41.18,22.72
SE Bond,8,Bowler,1,0.12,50.0,9,7.07,0,0,1,0.12,50.0,9,6.9,0,39.05,35.68
MJ Lumb,12,Batsman,278,23.17,140.4,0,0.0,45,6,152,21.71,153.54,0,0.0,31,45.45,49.26
DR Martyn,1,Batsman,19,19.0,73.08,0,0.0,1,0,19,19.0,73.08,0,0.0,1,30.77,38.16
S Narwal,7,Bowler,37,5.29,127.59,5,10.78,6,0,37,5.29,127.59,5,10.78,6,33.1,21.94
SJ Srivastava,14,Bowler,5,0.36,100.0,14,8.71,0,0,5,0.56,100.0,8,8.69,0,37.11,31.35
AB Barath,3,All-rounder,42,14.0,97.67,0,0.0,5,1,42,14.0,97.67,0,0.0,6,46.51,15.07
FY Fazal,12,Batsman,183,15.25,102.23,0,10.0,22,1,82,10.25,96.47,0,0.0,9,35.29,26.81
AC Voges,8,Batsman,181,22.62,126.57,0,8.14,15,3,181,22.62,126.57,0,0.0,18,26.57,50.26
MD Mishra,17,All-rounder,237,13.94,111.27,0,0.0,24,8,71,10.14,109.23,0,0.0,8,41.54,13.39
R Sharma,44,Bowler,66,1.5,85.71,40,7.06,5,3,11,0.92,55.0,3,9.02,1,27.88,21.14
J Theron,10,Bowler,10,1.0,76.92,11,7.94,1,0,10,1.11,76.92,6,8.63,1,25.9,24.82
NLTC Perera,37,Bowler,424,11.46,130.06,31,8.65,23,26,96,12.0,150.0,3,10.54,10,26.26,19.49
KB Arun Karthik,8,All-rounder,51,6.38,96.23,0,0.0,4,1,48,6.86,100.0,0,0.0,5,33.33,11.49
KAJ Roach,2,All-rounder,10,5.0,111.11,0,9.23,1,0,10,5.0,111.11,0,9.23,1,37.7,28.87
PD Collingwood,7,All-rounder,203,29.0,127.67,5,6.73,9,13,203,29.0,127.67,5,6.73,22,31.33,39.08
C Ganapathy,1,All-rounder,0,0.0,0.0,0,13.0,0,0,0,0.0,0.0,0,13.0,0,16.67,7.5
MB Parmar,1,All-rounder,0,0.0,0.0,0,10.42,0,0,0,0.0,0.0,0,10.42,0,21.05,8.16
SB Wagh,8,Bowler,2,0.25,66.67,5,8.17,0,0,2,0.29,66.67,4,7.71,0,42.86,28.89
DE Bollinger,27,Bowler,21,0.78,91.3,37,7.16,1,1,21,2.1,91.3,9,8.55,2,38.71,33.73
AP Dole,3,Bowler,34,11.33,147.83,5,9.37,3,1,34,11.33,147.83,5,9.37,4,27.08,31.97
AN Ahmed,17,Bowler,36,2.12,133.33,12,8.54,4,1,36,4.0,133.33,4,9.05,5,31.25,22.78
L Ablish,3,Bowler,0,0.0,0.0,3,10.13,0,0,0,0.0,0.0,3,10.13,0,25.53,22.44
RS Sodhi,1,All-rounder,4,4.0,200.0,0,0.0,1,0,4,4.0,200.0,0,0.0,1,50.0,22.6
S Sriram,2,Batsman,31,15.5,81.58,0,16.33,3,0,31,15.5,81.58,0,0.0,3,39.47,30.22
B Sumanth,4,All-rounder,35,8.75,92.11,0,0.0,3,0,35,8.75,92.11,0,0.0,3,36.84,13.75
C Madan,1,All-rounder,15,15.0,71.43,0,0.0,3,0,15,15.0,71.43,0,0.0,3,57.14,19.36
AG Paunikar,5,All-rounder,49,9.8,80.33,0,0.0,9,0,49,9.8,80.33,0,0.0,9,57.38,13.13
ND Doshi,4,All-rounder,0,0.0,0.0,2,8.32,0,0,0,0.0,0.0,2,8.32,0,52.86,18.04
S Randiv,8,Bowler,2,0.25,50.0,6,7.43,0,0,2,0.29,50.0,5,7.35,0,33.96,29.34
AL Menaria,25,Batsman,401,16.04,109.26,3,7.65,24,18,102,7.85,103.03,0,0.0,9,36.36,32.01
RV Gomez,13,All-rounder,50,3.85,94.34,5,8.04,5,1,24,2.4,72.73,3,6.67,3,43.81,21.3
AUK Pathan,7,All-rounder,39,5.57,150.0,0,9.22,5,2,39,5.57,150.0,0,9.22,7,29.85,22.41
UBT Chand,20,All-rounder,300,15.0,95.54,0,0.0,32,9,104,14.86,100.0,0,0.0,15,41.35,15.59
JEC Franklin,19,Batsman,327,17.21,105.83,9,8.71,25,9,154,17.11,104.76,0,0.0,17,38.78,38.17
DJ Jacobs,7,All-rounder,92,13.14,91.09,0,0.0,10,4,92,13.14,91.09,0,0.0,14,52.48,15.1
Sunny Singh,5,All-rounder,43,8.6,138.71,0,0.0,6,1,43,8.6,138.71,0,0.0,7,35.48,16.39
NJ Rimmington,1,All-rounder,1,1.0,100.0,0,6.67,0,0,1,1.0,100.0,0,6.67,0,47.37,28.73
AC Thomas,15,Bowler,20,1.33,105.26,14,7.63,1,1,20,2.22,105.26,5,8.54,2,35.29,26.35
RN ten Doeschate,23,All-rounder,326,14.17,136.97,2,6.8,26,15,82,6.31,141.38,1,7.35,10,33.64,28.12
BA Bhatt,15,Bowler,6,0.4,85.71,12,8.08,0,1,6,0.75,85.71,3,8.02,1,31.88,23.86
JJ van der Wath,3,Bowler,18,6.0,105.88,3,10.58,1,1,18,6.0,105.88,3,10.58,2,38.71,26.63
R Ninan,2,Bowler,3,1.5,50.0,3,10.83,0,0,3,1.5,50.0,3,10.83,0,23.81,28.21
TD Paine,2,All-rounder,10,5.0,34.48,0,0.0,0,0,10,5.0,34.48,0,0.0,0,48.28,6.59
DH Yagnik,17,All-rounder,170,10.0,119.72,0,0.0,23,2,67,9.57,111.67,0,0.0,10,33.33,13.76
BJ Haddin,1,Batsman,18,18.0,163.64,0,0.0,2,1,18,18.0,163.64,0,0.0,3,45.45,54.95
J Syed Mohammad,11,Bowler,29,2.64,107.41,8,8.76,4,0,29,3.62,107.41,4,9.61,4,20.67,16.57
NL McCullum,2,All-rounder,26,13.0,113.04,0,7.0,0,1,26,13.0,113.04,0,7.0,1,30.19,30.81
JE Taylor,5,Bowler,3,0.6,75.0,6,8.21,0,0,3,0.6,75.0,6,8.21,0,38.89,32.97
KMDN Kulasekara,5,Bowler,5,1.0,166.67,5,6.84,1,0,5,1.0,166.67,5,6.84,1,40.91,34.41
TR Birt,5,All-rounder,75,15.0,127.12,0,0.0,9,2,75,15.0,127.12,0,0.0,11,40.68,19.99
M Klinger,4,Batsman,73,18.25,93.59,0,0.0,9,0,73,18.25,93.59,0,0.0,9,42.31,37.57
P Parameswaran,8,Bowler,1,0.12,33.33,9,8.53,0,0,1,0.14,33.33,7,8.76,0,36.96,26.2
AC Blizzard,7,Batsman,120,17.14,131.87,0,0.0,21,2,120,17.14,131.87,0,0.0,23,49.45,40.07
I Malhotra,1,All-rounder,7,7.0,175.0,0,23.0,1,0,7,7.0,175.0,0,23.0,1,0.0,26.93
CJ Ferguson,8,All-rounder,98,12.25,82.35,0,0.0,9,0,92,13.14,88.46,0,0.0,9,45.19,16.05
AA Kazi,1,All-rounder,0,0.0,0.0,0,9.69,0,0,0,0.0,0.0,0,9.69,0,15.38,7.62
Anand Rajan,8,Bowler,0,0.0,0.0,8,7.63,0,0,0,0.0,0.0,5,7.67,0,35.71,27.64
AA Chavan,13,Bowler,12,0.92,109.09,8,7.98,2,0,12,1.33,109.09,3,7.94,2,39.46,26.3
P Prasanth,1,All-rounder,0,0.0,0.0,0,18.0,0,0,0,0.0,0.0,0,18.0,0,50.0,12.5
Y Gnaneswara Rao,2,All-rounder,19,9.5,105.56,0,7.0,3,0,19,9.5,105.56,0,7.0,3,45.83,39.02
S Rana,8,All-rounder,91,11.38,110.98,0,6.75,9,1,73,9.12,110.61,0,6.75,8,37.8,26.42
SS Mundhe,1,Bowler,0,0.0,0.0,1,5.14,0,0,0,0.0,0.0,1,5.14,0,57.14,44.86
RW Price,1,All-rounder,0,0.0,0.0,0,11.0,0,0,0,0.0,0.0,0,11.0,0,5.56,5.83
RE Levi,6,All-rounder,83,13.83,112.16,0,0.0,10,4,83,13.83,112.16,0,0.0,14,48.65,16.28
M de Lange,5,Bowler,1,0.2,50.0,5,8.84,0,0,1,0.2,50.0,5,8.84,0,33.9,27.8
KK Cooper,25,Bowler,116,4.64,165.71,33,7.89,9,8,76,7.6,158.33,6,8.09,11,32.54,28.55
DAJ Bracewell,1,Bowler,12,12.0,133.33,3,7.68,1,0,12,12.0,133.33,3,7.68,1,32.35,50.64
DJ Harris,4,Batsman,111,27.75,107.77,0,8.67,11,5,111,27.75,107.77,0,0.0,16,46.6,51.9
TP Sudhindra,3,All-rounder,0,0.0,0.0,1,11.11,0,0,0,0.0,0.0,1,11.11,0,24.32,9.9
GB Hogg,21,Bowler,22,1.05,100.0,23,7.53,1,0,22,2.2,100.0,5,8.68,1,30.67,24.95
RR Bhatkal,1,All-rounder,0,0.0,0.0,0,17.5,0,0,0,0.0,0.0,0,17.5,0,14.29,10.0
P Awana,33,Bowler,5,0.15,35.71,39,8.11,0,0,5,0.42,35.71,7,10.19,0,35.63,25.25
V Pratap Singh,9,Bowler,0,0.0,0.0,10,8.53,0,0,0,0.0,0.0,9,8.67,0,33.74,30.76
CJ McKay,2,All-rounder,8,4.0,53.33,1,8.57,0,0,8,4.0,53.33,1,8.57,0,38.6,25.34
A Ashish Reddy,28,Bowler,280,10.0,142.86,18,8.89,16,15,107,10.7,159.7,4,9.78,13,26.52,17.64
N Saini,10,All-rounder,140,14.0,97.9,0,0.0,16,0,79,11.29,94.05,0,0.0,8,41.67,12.71
Azhar Mahmood,23,All-rounder,388,16.87,124.76,29,7.68,39,13,167,23.86,124.63,9,8.76,24,35.45,37.96
A Chandila,12,Bowler,4,0.33,57.14,11,6.28,0,0,4,0.5,57.14,6,6.55,0,39.57,31.52
LJ Wright,7,Batsman,106,15.14,168.25,2,10.0,16,3,106,15.14,168.25,0,0.0,19,30.16,52.31
RJ Peterson,5,Bowler,32,6.4,100.0,3,8.75,3,1,32,6.4,100.0,3,8.75,4,40.0,28.22
R Shukla,7,Bowler,19,2.71,82.61,5,10.02,2,0,19,2.71,82.61,5,10.02,2,31.37,22.55
BB Samantray,8,Batsman,125,15.62,107.76,0,0.0,13,2,123,17.57,107.89,0,0.0,15,36.84,34.53
MJ Clarke,6,Batsman,98,16.33,102.08,2,6.55,12,0,98,16.33,102.08,0,0.0,12,39.58,35.0
BW Hilfenhaus,17,Bowler,0,0.0,0.0,22,7.65,0,0,0,0.0,0.0,7,9.06,0,38.65,29.99
AP Majumdar,4,Batsman,87,21.75,112.99,0,0.0,7,2,87,21.75,112.99,0,0.0,9,32.47,44.62
PA Reddy,10,Batsman,164,16.4,98.2,0,0.0,15,2,91,13.0,87.5,0,0.0,9,42.31,28.78
K Upadhyay,3,All-rounder,12,4.0,133.33,0,8.68,0,1,12,4.0,133.33,0,8.68,1,35.38,25.2
Sunny Gupta,1,All-rounder,0,0.0,0.0,0,14.84,0,0,0,0.0,0.0,0,14.84,0,5.0,10.0
MC Juneja,7,Batsman,125,17.86,93.28,0,0.0,11,1,125,17.86,93.28,0,0.0,12,33.58,33.94
MDKJ Perera,2,All-rounder,14,7.0,107.69,0,0.0,3,0,14,7.0,107.69,0,0.0,3,53.85,12.38
BMAJ Mendis,3,All-rounder,23,7.67,85.19,1,7.2,0,0,23,7.67,85.19,1,7.2,0,33.33,24.59
R Rampaul,12,Bowler,51,4.25,98.08,16,6.88,3,2,51,4.64,98.08,6,6.92,5,43.07,32.58
SMSM Senanayake,8,Bowler,10,1.25,58.82,9,6.49,0,0,10,1.43,58.82,8,6.74,0,39.57,33.7
BJ Rohrer,8,Batsman,193,24.12,132.19,0,10.29,21,5,179,25.57,136.64,0,0.0,24,30.53,49.35
IC Pandey,24,Bowler,0,0.0,0.0,18,7.79,0,0,0,0.0,0.0,8,6.8,0,53.08,39.82
CM Gautam,13,All-rounder,169,13.0,106.96,0,0.0,17,6,89,12.71,96.74,0,0.0,13,47.83,14.42
X Thalaivan Sargunam,1,All-rounder,10,10.0,58.82,0,0.0,0,0,10,10.0,58.82,0,0.0,0,52.94,13.41
DJG Sammy,22,All-rounder,295,13.41,117.53,11,8.7,15,18,67,8.38,95.71,1,10.65,6,28.03,19.09
P Suyal,5,All-rounder,0,0.0,0.0,2,8.64,0,0,0,0.0,0.0,2,8.64,0,33.64,12.28
PV Tambe,33,Bowler,18,0.55,46.15,28,7.71,1,0,18,1.5,46.15,5,8.85,1,35.29,22.06
Parvez Rasool,11,All-rounder,17,1.55,85.0,4,8.19,1,0,17,1.89,85.0,2,9.15,1,28.57,17.7
UA Birla,1,All-rounder,7,7.0,46.67,0,0.0,1,0,7,7.0,46.67,0,0.0,1,66.67,12.3
MG Neser,1,All-rounder,0,0.0,0.0,0,14.88,0,0,0,0.0,0.0,0,14.88,0,20.0,8.0
NJ Maddinson,3,All-rounder,20,6.67,95.24,0,0.0,4,0,20,6.67,95.24,0,0.0,4,71.43,13.31
BR Dunk,3,All-rounder,40,13.33,111.11,0,0.0,7,0,40,13.33,111.11,0,0.0,7,47.22,18.66
Shivam Sharma,5,Bowler,5,1.0,166.67,4,8.68,1,0,5,1.0,166.67,4,8.68,1,32.48,25.43
VH Zol,2,All-rounder,29,14.5,111.54,0,0.0,3,1,29,14.5,111.54,0,0.0,4,50.0,20.65
K Santokie,2,Bowler,0,0.0,0.0,3,10.71,0,0,0,0.0,0.0,3,10.71,0,29.41,30.2
BE Hendricks,7,Bowler,1,0.14,33.33,9,9.13,0,0,1,0.14,33.33,9,9.13,0,33.75,29.22
JW Hastings,3,Bowler,0,0.0,0.0,3,6.49,0,0,0,0.0,0.0,3,6.49,0,50.82,35.79
Karanveer Singh,9,Bowler,12,1.33,70.59,12,9.1,1,0,12,1.71,70.59,8,10.43,1,29.28,24.21
DJ Muthuswami,6,Bowler,1,0.17,33.33,4,7.71,0,0,1,0.17,33.33,4,7.71,0,52.87,31.3
RG More,2,All-rounder,2,1.0,100.0,1,10.22,0,0,2,1.0,100.0,1,10.22,0,10.26,20.9
GS Sandhu,2,All-rounder,0,0.0,0.0,1,10.75,0,0,0,0.0,0.0,1,10.75,0,18.75,9.11
P Sahu,5,Bowler,19,3.8,146.15,3,8.52,1,1,19,3.8,146.15,3,8.52,2,23.33,21.34
KJ Abbott,5,All-rounder,13,2.6,162.5,2,10.71,0,1,13,2.6,162.5,2,10.71,1,28.18,24.16
PSP Handscomb,1,All-rounder,6,6.0,50.0,0,0.0,0,0,6,6.0,50.0,0,0.0,0,50.0,11.15
SM Boland,2,Bowler,0,0.0,0.0,2,7.81,0,0,0,0.0,0.0,2,7.81,0,32.56,32.05
UT Khawaja,6,Batsman,127,21.17,120.95,0,0.0,14,3,127,21.17,120.95,0,0.0,17,34.29,47.45
F Behardien,3,All-rounder,14,4.67,107.69,0,0.0,2,0,14,4.67,107.69,0,0.0,2,38.46,11.67
ER Dwivedi,2,All-rounder,24,12.0,160.0,0,0.0,2,2,24,12.0,160.0,0,0.0,4,33.33,20.88
